id,name,component_skill_id,component_skill_case_uuid,component_skill_name,competency_id,competency_name,learner_outcome_id,overview,context,actions,materials,preparation,run_time,student_grouping_type,grouping_detail,academic_subject,activity_url,slides_url,license,attribution,markdown_description,markdown_content
a_glimpse_of_my_strengths,A Glimpse of My Strengths,LL.SAw.3.b,7475c45c-ba23-48ac-89c9-262ea6c96bdf,Skills and mindsets,LL.SAw.3,Understanding Self,LL,Students learn to identify and understand their own strengths through reflection on positive experiences.,Before a unit to help students get to know new teammates; after a unit to reflect on recent accomplishments; during any unit related to students exploring careers.,Share stories of important moments while listeners identify strengths they hear.,None,Students should be in groups of 3.,20 min,Small Group,"solo, then whole class, then groups of 3, then solo",,https://xq-learning-xq-engineering.vercel.app/activities/a_glimpse_of_my_strengths,https://docs.google.com/presentation/d/1ZpsyJKyF1J7CgKCdtXmwIP5yniYOfQcPvVKubf8Ld6s/copy,CC BY 4.0,© 2026 XQ Institute. Licensed under CC BY 4.0. https://creativecommons.org/licenses/by/4.0/ Activity inspired by Dependable Strengths (https://www.dependablestrengths.org/).,,"## Think of a moment you felt accomplished and proud *(slide 2)*

*Solo | 3 min*

> **Teacher note:** If students struggle to think of examples, here are some questions you can use to prompt students:
> - What’s the first thing that comes to mind?
> - What’s a small thing that made you feel proud today? Last week?
> - What do you enjoy outside of school?
> - What project at school did you feel best about?
> 
> Here are other examples:
> - Created a restaurant in Roblox.
> - Planned a surprise birthday party for my friend.
> - Wrote a song and made a music video to post on TikTok.
> - Organized a fundraiser for my school club.

List 2-3 different experiences from your life.

**Examples**

_[Figure: Three photo examples: cooking vegetables in a pan labeled ""Made a YouTube channel for my mom’s recipes."", hands tending seedlings in soil labeled ""Built a garden for my school."", and running shoes on pavement during a race labeled ""Trained for and completed a 5k run.""]_

- Made a YouTube channel for my mom’s recipes.
- Built a garden for my school.
- Trained for and completed a 5k run.

## Write a story using the STAR method *(slide 3)*

*Solo | 5 min*

The STAR method was developed to help people communicate their achievements during job interviews.

Choose one experience to write about using the STAR method.

| Step | Example story: Tried out for the basketball team. |
| --- | --- |
| Situation<br>What was the situation? | I love playing basketball and wanted to join the school team. |
| Task<br>What task did you need to accomplish? | My goal was to prepare for tryouts and show the coaches I had what it takes. |
| Action<br>What action(s) did you take? | I practiced every day, working on my shooting, dribbling, and defense. I went to open gym sessions to play with other students and asked the coach for tips. |
| Result<br>What was the result of your action? | My hard work paid off when I made the team! Since then, I’ve improved my skills, made new friends, and learned a lot about teamwork and dedication. |

## Write a story using the STAR method *(slide 4)*

*Class | 1 min*

We’re about to listen to each others’ stories and identify each others’ strengths.

Let’s practice: What strengths do you notice from this example story?

The STAR method was developed to help people communicate their achievements during job interviews.

Choose one experience to write about using the STAR method.

| Step | Example story: Tried out for the basketball team. |
| --- | --- |
| Situation<br>What was the situation? | I love playing basketball and wanted to join the school team. |
| Task<br>What task did you need to accomplish? | My goal was to prepare for tryouts and show the coaches I had what it takes. |
| Action<br>What action(s) did you take? | I practiced every day, working on my shooting, dribbling, and defense. I went to open gym sessions to play with other students and asked the coach for tips. |
| Result<br>What was the result of your action? | My hard work paid off when I made the team! Since then, I’ve improved my skills, made new friends, and learned a lot about teamwork and dedication. |

## Strengths Listening Protocol *(slide 5)*

*Groups | 10 min*

**Speaker:** Tell your STAR Story.

**Listeners:**
1. Write down strengths that you hear in the story.
2. Ask follow up questions to uncover additional strengths.
3. Share your list of strengths with the speaker.

Rotate roles after 3 minutes for 3 rounds total.

### Example Strengths

_[Figure: A 3x4 grid of example strengths with icons: Adaptability, Collaboration, Communication, Creativity, Empathy, Growth mindset, Initiative, Leadership, Problem solving, Resilience, Self-motivation, and Time management.]_

| | | |
| --- | --- | --- |
| Adaptability | Collaboration | Communication |
| Creativity | Empathy | Growth mindset |
| Initiative | Leadership | Problem solving |
| Resilience | Self-motivation | Time management |

## Develop your strengths further *(slide 6)*

*Solo | 3 min*

> **Teacher note:** Before students come up with their Action Plan, remind students of upcoming opportunities to develop their strengths, such as a specific task or project coming up in class.
> 
> According to Black, feedback-receivers should continually:
> - Respond to their feedback-giver’s advice
> - Share information about what they need

Reflect on the activity:
- What strengths are you proudest of?
- What strength would you like to improve?
- Did your partners’ stories reveal strengths that you admired?

Then, come up with an Action Plan:

| | Strength | How I’m going to work on this strength in this class |
| --- | --- | --- |
| A strength I already have | | |
| A strength I want to improve | | |

Share that thing with your partner.

## Credits

Activity inspired by [Dependable Strengths](https://www.dependablestrengths.org/) (see [sample worksheets](https://careers.uw.edu/wp-content/uploads/sites/25/2017/07/Dependable-Strengths-2017-2018-1.pdf) and [workshop example](https://www.youtube.com/watch?v=V-z9WPgemAc))."
class_zombies,Class vs. Zombies,FK.SS.1.a,c6402201-e965-49e9-84d1-071f8a388f7e,Role of government,FK.SS.1,Governments,FK,Students learn to recognize how different types of governments respond to crises and the values that shape their operations.,any time students think about how different government or countries may respond to events or initiatives.,(1) explore how different governments — each with their own set of values — responded to COVID. (2) apply this lens to a new scenario: there’s a zombie attack and leaders from different governments are looking to you for guidance.,Zombie Response Cards (physical or digital),Decide whether to card sort physically or digitally. Select a debrief question to use after the card sort. Update slide 12 with an event relevant to your course.,30 min,Small Group,"whole class, then groups, then whole class",,https://xq-learning-xq-engineering.vercel.app/activities/class_zombies,https://docs.google.com/presentation/d/1xtiij79lB7UDg7AXeouJcCcdkfmMFPWAASba1hDHpos/copy,CC BY 4.0,© 2026 XQ Institute. Licensed under CC BY 4.0. https://creativecommons.org/licenses/by/4.0/,,"## How did each government respond to COVID? *(slide 2)*

*2 min - Class*

> **Teacher note:** Discuss with students how each country responded to the COVID pandemic.

### United States
- Mask mandates in public spaces were determined by state/city governments
- Vaccinations were mandated in many scenarios, mainly related to public institutions like schools or government offices.
- Many schools closed for extended periods. States and districts chose when to reopen.

### Sweden
- No mask mandates. People were trusted to wear masks if they had COVID-like symptoms
- Vaccines were recommended but voluntary.
- Schools stayed open for younger students, with hygiene and distancing guidelines.

### China
- Masks were mandated everywhere. In many places, people were forbidden to leave home without permission.
- Vaccines were required for access to many public spaces.
- All schools shut down. The government created internet and TV lessons for schooling at home.

## What values influenced each country’s COVID response? *(slide 3)*

*10 min - Class*

> **Teacher note:**
> - Individually or in small groups, have students drag/drop the sliders to indicate each the importance of each value to the countries’ COVID responses.
> - Have students/groups talk about where and why they ranked each country on the sliding scales.

Drag the arrows onto each slider to show the importance of these values to each the country’s response.

_[Figure: Three horizontal sliding scales, each with five position dots ranging from Low to High, with movable arrow tags for China, USA, and Sweden on the left:
- **Centralized Decision-Making** (Low to High)
- **Individual Freedom** (Low to High)
- **Social Welfare** (Low to High)]_

## Zombies are attacking! *(slide 4)*

*10 min - Group*

> **Teacher note:**
> - Distribute the zombie attack response cards (physically or digitally).
> - In groups, have students organize the cards on each leader’s page (Voss, Harlan, Krylov) according to each country’s values.
> - Short on time? Assign each group to guide one of the government leaders on their zombie response (according to that country’s values). Then share and compare responses across groups.

How will world leaders respond to this new crisis?

_[Figure: Portraits of three world leaders posing questions against a backdrop of zombie silhouettes:
- President Voss (Zandria): ""How should we contain the zombie threat?""
- Prime Minister Harlan (Norwyn): ""How will citizens get medical treatment?""
- Supreme Leader Krylov (Vaylora): ""How will we protect the citizens?""]_

## President Voss — Zandria *(slide 5)*

Help President Voss decide how to respond to the zombie attack. For each question, paste the response card that best fits Zandria’s values.

_[Figure: Values sliders set for Zandria:
- **Centralized Decision-Making**: Low to High (marker at medium-high / dot 4)
- **Individual Freedom**: Low to High (marker at High / dot 5)
- **Social Welfare**: Low to High (marker at medium-high / dot 4)
Leader badge: President Voss, Zandria
Six dashed card placement boxes labeled:
- How will we distribute resources?
- How will residents get medical treatment?
- How do we contain the zombies?
- How will we educate the citizens?
- How will we protect the citizens?
- What other decisions should I consider? (Create your own response card)]_

## Prime Minister Harlan — Norwyn *(slide 6)*

Help Prime Minister Harlan decide how to respond to the zombie attack. For each question, paste the response card that best fits Norwyn’s values.

_[Figure: Values sliders set for Norwyn:
- **Centralized Decision-Making**: Low to High (marker at low-medium / dot 2)
- **Individual Freedom**: Low to High (marker at medium / dot 3)
- **Social Welfare**: Low to High (marker at High / dot 5)
Leader badge: Prime Minister Harlan, Norwyn
Six dashed card placement boxes labeled:
- How will we distribute resources?
- How will residents get medical treatment?
- How do we contain the zombies?
- How will we educate the citizens?
- How will we protect the citizens?
- What other decisions should I consider? (Create your own response card)]_

## Supreme Leader Krylov — Vaylora *(slide 7)*

Help Supreme Leader Krylov decide how to respond to the zombie attack. For each question, paste the response card that best fits Vaylora’s values.

_[Figure: Values sliders set for Vaylora:
- **Centralized Decision-Making**: Low to High (marker at High / dot 5)
- **Individual Freedom**: Low to High (marker at low-medium / dot 2)
- **Social Welfare**: Low to High (marker at low-medium / dot 2)
Leader badge: Supreme Leader Krylov, Vaylora
Six dashed card placement boxes labeled:
- How will we distribute resources?
- How will residents get medical treatment?
- How do we contain the zombies?
- How will we educate the citizens?
- How will we protect the citizens?
- What other decisions should I consider? (Create your own response card)]_

## Resource Slide - Digital Version *(slide 8)*

### Zombie Response Cards
Copy and paste the response cards onto each leader’s page. Make sure it aligns with their country’s values.

_[Figure: Six digital card stacks arranged under category headings:
- **How will we distribute resources?** Top visible card: ""Ration essential resources at military checkpoints."" | Benefit: ""Efficient and rapid distribution, reducing chances of hoarding."" | Concern: ""Limited access may cause famine, rioting, and distrust of government."" (Additional card stacked beneath: ""Supply resources with help..."")
- **How will residents get medical treatment?** Top visible card: ""Set-up restricted-access medical facilities, and only treat confirmed cases."" | Benefit: ""The infected are quaratined and immediate medical treatment."" | Concern: ""Unconfirmed cases may be untreated, leading to higher risk of the infection spreading."" (Additional cards stacked beneath: ""Mandate daily testing..."")
- **How do we contain the zombies?** Top visible card: ""Form civilian-military coalitions."" | Benefit: ""No delay in response, the community is empowered to control the outbreak."" | Concern: ""High-risk of civilian casualties due to lack of specialized training."" (Additional cards stacked beneath: ""Aggressively bomb major cities..."", ""Deploy the national guard..."")
- **How will we educate the citizens?** Top visible card: ""Order all citizens to attend a live zombie prevention course"" | Benefit: ""Ensures all citizens have learned strategies to prevent the spread of the zombie infection."" | Concern: ""Difficult to find enough locations and trainers to deliver this course"" (Additional card stacked beneath: ""Offer free online courses..."")
- **How will we protect the citizens?** Top visible card: ""Enforce mandatory lockdown by military."" | Benefit: ""Reduce zombie attacks and casualties by 80%."" | Concern: ""Citizens become angry and depressed, may revolt against authorities."" (Additional cards stacked beneath)
- **What other decisions should I consider?** Stack of blank customizable cards with fields: ""Write your own response"", ""List the benefits of that response"", ""List the concerns of that response""]_

## Resource Slide - Print Version 1/2 *(slide 9)*

If you choose to do this activity with paper, each group will need:
- One printed set (card set 1 & 2) of the Zombie Response Cards.
- Printed leader pages to organize the cards.

### How will resources be distributed?

**Card 1**
- **Action:** Supply resources with help from local businesses.
- **Benefit:** Boosts local business economy while meeting basic citizen needs.
- **Concern:** Increased risk of inequitable distribution of supplies.

**Card 2**
- **Action:** Ration essential resources at military checkpoints.
- **Benefit:** Efficient and rapid distribution, reducing chances of hoarding.
- **Concern:** Limited access may cause famine, rioting, and distrust of government.

### How will residents get medical treatment?

**Card 1**
- **Action:** Mobilize pop-up treatment centers with free testing.
- **Benefit:** Easy accessibility encourages citizens to seek help, and get treated before they get sick.
- **Concern:** High demands are extremely expensive, medical supplies will be limited and wait times very long.

**Card 2**
- **Action:** Set-up restricted-access medical facilities, and only treat confirmed cases.
- **Benefit:** The infected are quaratined and immediate medical treatment.
- **Concern:** Unconfirmed cases may be untreated, leading to higher risk of the infection spreading.

**Card 3**
- **Action:** Mandate daily testing and health checks to identify the infected.
- **Benefit:** High compliance and rigorous enforcement, drastically reducing infection rates.
- **Concern:** Severe privacy invasion and public resentment due to lack of autonomy.

### How will the zombie threat be contained?

**Card 1**
- **Action:** Deploy the national guard in high-risk areas.
- **Benefit:** Slows zombie spread in key areas.
- **Concern:** Slow response to threat might cause zombies to spread and increased risk to military.

**Card 2**
- **Action:** Aggressively bomb major cities affected by zombies.
- **Benefit:** Eliminate 90% of zombies immediately.
- **Concern:** Massive civilian casualties.

**Card 3**
- **Action:** Form civilian-military coalitions.
- **Benefit:** No delay in response, the community is empowered to control the outbreak.
- **Concern:** High-risk of civilian casualties due to lack of specialized training.

## Resource Slide - Print Version 2/2 *(slide 10)*

If you choose to do this activity with paper, each group will need:
- One printed set (card set 1 & 2) of the Zombie Response Cards.
- Printed leader pages to organize the cards.

### How will we educate the citizens?

**Card 1**
- **Action:** Offer free online courses for citizens on avoiding zombie infection.
- **Benefit:** Community becomes well informed. Flexibility to complete at home in the citizen's free time.
- **Concern:** Relies on voluntary compliance, which may lead to inconsistencies in infection prevention.

**Card 2**
- **Action:** Order all citizens to attend a live zombie prevention course
- **Benefit:** Ensures all citizens have learned strategies to prevent the spread of the zombie infection.
- **Concern:** Difficult to find enough locations and trainers to deliver this course

### How will we protect the citizens?

**Card 1**
- **Action:** Set-up voluntary safe zones.
- **Benefit:** Citizens can stay safe in designated safe zones.
- **Concern:** Overcrowding in zones can increase in spread of zombie infection.

**Card 2**
- **Action:** Encourage citizens to shelter in place.
- **Benefit:** Lowers zombie encounters by 50% in densely populated areas.
- **Concern:** Non-compliance and unrest overtime increases the risk of zombie attacks.

**Card 3**
- **Action:** Enforce mandatory lockdown by military.
- **Benefit:** Reduce zombie attacks and casualties by 80%.
- **Concern:** Citizens become angry and depressed, may revolt against authorities.

### What other decisions should I consider?

Three blank response card templates, each with:
- Write your own response
- List the benefits of that response
- List the concerns of that response

## Debrief *(slide 11)*

*5 min - Class*

> **Teacher note:**
> - Have each group merge with another group and debrief.
> - Consider swapping the debrief question with any of the following :
>   - Who makes decisions in each country?
>   - What were the differences in “tools” different countries used? (e.g. mandates, armed response, centralized programs)
>   - Which decisions were easiest?
>   - Which decisions were more challenging?
>   - How would some of these responses make me feel as a citizen?
>   - Which country would you want to live in during a zombie attack?
>
> *Speaker notes:*
> - What’s different about how each each country responded? What’s the same?
> - How do the responses of different countries compare?
> - In each country, how do decisions get made?

### Debrief:
How were the leaders’ responses similar? Different?

_[Figure: Illustrated portraits and titles of the three leaders:
- President Voss, Zandria
- Prime Minister Harlan, Norwyn
- Supreme Leader Krylov, Vaylora]_

## Apply *(slide 12)*

*10 min - Group*

> **Teacher note:**
> - Update the slide with choose a current or historical event that fits your unit, subject or course, e.g. natural disaster, social uprising, or war.
> - Consider adapting the values categories to fit that event (economic stability, environmental impact, civil liberties, etc).
> - You can also focus on one or more levels of U.S. government (e.g. federal or state response to Prohibition)

### Event Description:
@teachers, insert a description of your event here. See teacher notes to the right for more details.

### Instructions:
- Create response cards with benefits and concerns describing the government’s response to the event.
- Move the sliders to represent the values that influence the government’s decisions.

_[Figure: Workspace layout featuring:
- Four blank response card templates with sections: ""Government response"", ""List the benefits of that response"", ""List the concerns of that response""
- Three horizontal value sliders with movable arrows:
  - Centralized Decision-Making (Low to High)
  - Individual Freedom (Low to High)
  - Social Welfare (Low to High)]_

## Apply *(slide 13)*

<!-- REVIEW: hidden slide -->

*10 min - Group*

> **Teacher note:**
> - Update the slide with choose a current or historical event that fits your unit, subject or course, e.g. natural disaster, social uprising, or war.
> - Consider adapting the values categories to fit that event (economic stability, environmental impact, civil liberties, etc).
> - You can also focus on one or more levels of U.S. government (e.g. federal or state response to Prohibition)

### Event Description:
@teachers, insert a description of your event here. See teacher notes to the right for more details.

### Instructions:
- Move the sliders to represent the values that influence the government’s decisions.
- Create response cards with benefits and concerns describing the government’s response to the event.

_[Figure: Alternative workspace layout featuring:
- Three horizontal value sliders with movable arrows on the left:
  - Centralized Decision-Making (Low to High)
  - Individual Freedom (Low to High)
  - Social Welfare (Low to High)
- Four blank response card templates on the right with sections: ""Government response"", ""List the benefits of that response"", ""List the concerns of that response""]_"
compass_points,Compass Points,GC.IS.4.b,39766309-e4ef-4b35-9d3f-92fecf5c83e7,Navigating roles,GC.IS.4,Productive Collaboration,GC,Students learn to identify their personal work styles and understand how these influence group dynamics.,"Before starting team projects, to get students thinking about how they can work together better.","Explore the strengths and limitations of the way they work, then practice communicating their needs to their team.",None,Add roles and tasks from a team project to Slide 4,15-25 min,Small Group,"solo, then small group",,https://xq-learning-xq-engineering.vercel.app/activities/compass_points,https://docs.google.com/presentation/d/1m77VULJuf0Q0_YFpjZYn-C6MwA8mDv83WycbXck6ABc/copy,CC BY 4.0,© 2026 XQ Institute. Licensed under CC BY 4.0. https://creativecommons.org/licenses/by/4.0/ Based on an exercise from the Center for Leadership & Educational Equity (https://www.schoolreforminitiative.org/download/compass-points-north-south-east-and-west-an-exercise-in-understanding-preferences-in-group-work/?wpdmdl=12459&refresh=6633bf836691c1714667395).,,"## Compass Points *(slide 2)*

*3 min - Solo*

> **Teacher note:** Frame the purpose of the activity: to help students identify and understand their individual work styles so they can work better together.
> 
> Check out the [appendix](#bonus-inventory-slide-5) for a more extended self-assessment for students who need more help identifying their style.

- Pick out the quote that best describes you.
- Join a group with other students who share your working style (all the Norths get in a group, all the Souths, etc.)
- Answer the questions on the next slide.

_[Figure: A purple and white compass rose with a smiling face at the center.]_

**NORTH: Action**  
""I'm all about action. I say, 'Let's do it!' I love to jump right in and get things started.”

**EAST: Speculation**  
“I like to think about the big picture. It’s important to consider all the possibilities before acting or making a decision.”

**SOUTH: Care**  
""I make sure everyone's feelings and opinions are heard before I take action. It's important that we all feel included in our decisions.""

**WEST: Detail**  
""I focus on the details, wanting to know as much as I can before I jump into anything. It’s important to get all the facts straight first.""

## Reflection *(slide 3)*

*5 min - Group*

In your group, answer the following questions. Have a notetaker record the answers:

- What are the strengths of your working style?
- What are the limitations of your working style?

_[Figure: A purple and white compass rose with a smiling face at the center.]_

**NORTH: Action**  
""I'm all about action. I say, 'Let's do it!' I love to jump right in and get things started”

**EAST: Speculation**  
“I like to think about the big picture. It’s important to consider all the possibilities before acting or making a decision.”

**SOUTH: Care**  
""I make sure everyone's feelings and opinions are heard before I take action. It's important that we all feel included in our decisions.""

**WEST: Detail**  
""I focus on the details, wanting to know the as much as I can before I jump into anything. It’s important to get all the facts straight first.""

## Apply *(slide 4)*

*10 min - Group*

> **Teacher note:** Before class, make a list of tasks or roles that are likely to be required in the team’s activity to jumpstart students’ thinking. (For example: Presenting, researching, scheduling, etc.)
> 
> Have students return to their original project teams to discuss the questions on this slide.

Find your teams and share:
- What can I bring to this team?
- Which parts of the work could I do especially well?
- Which tasks or roles would I be good at?

[Teacher insert roles or tasks]

## Bonus: Inventory *(slide 5)*

*10 min - Group*

> **Teacher note:** Use this more comprehensive inventory either as a follow-up or to allow students to explore their work styles in more depth.

If it's hard to pick your style, look at this inventory to see which fits you best. It's okay to relate to more than one!

### North:
- ""I step up and take charge.”
- “I do what needs to get done.""
- ""I am always ready with a to-do list.""
- ""I'm the one who submits assignments early.""
- ""I don't need to ask many questions to start my work or assignment.""

### East:
- ""I see the big picture and what we need to fill in.""
- ""I picture the final product and work with that end goal in mind.""
- ""I won't start a project until I'm clear about what the end will look like.""
- ""I focus on the big ideas rather than the details.""
- ""I know what the end goal should look like when it's finished.""

### West:
- ""I'm the one asking tough questions.""
- ""I challenge everyone to focus on the details.""
- ""I won't kick off a project until the details are crystal clear.""
- ""I lead with questions and encourage deep thinking.""
- ""I make sure nothing gets missed.""

### South:
- ""I take time to listen, slowing us down to ensure everyone's voice is heard.""
- ""I'm all about including everyone, caring for the human aspect of our work.""
- ""I look after our well-being, focusing on our emotional needs.""
- ""I ensure the emotional side of our work doesn't go unnoticed.""
- ""I make sure everyone contributes and feels comfortable.""

## Credits *(slide 1)*

Based on an [exercise](https://www.schoolreforminitiative.org/download/compass-points-north-south-east-and-west-an-exercise-in-understanding-preferences-in-group-work/?wpdmdl=12459&refresh=6633bf836691c1714667395) from the Center for Leadership & Educational Equity"
constraints_creativity,Constraints & Creativity,OT.PS.2.a,f680d2f9-b9d7-4933-8475-106be800b29b,Creating solutions,OT.PS.2,Problem Solving,OT,Students learn to stretch their conventional approach to a challenge by using constraints to foster creativity.,"before you’ll be challenging your students to generate solutions to a problem, and want to warm up their creative muscles.",build solutions to a series of real world problems by making their solutions within specific constraints.,Timer or Stopwatch,Students will be working in pairs. Optional: Choose a local store to use in the challenges on Slides 2 and 6.,15 min,Pair,"whole class, then pairs, then whole class",,https://xq-learning-xq-engineering.vercel.app/activities/constraints_creativity,https://docs.google.com/presentation/d/1BAlFGTg4d7NJvMh9URHjCIyQvkV2BxSUmIXSwDu960A/copy,CC BY 4.0,© 2026 XQ Institute. Licensed under CC BY 4.0. https://creativecommons.org/licenses/by/4.0/,,"## Barry's Bike Shop *(slide 2)*

*3 mins - Class*

> **Teacher note:** Ask 3-4 students to share their solutions.
> 
> Optional: If there’s a store near school—especially one where students might work—substitute it in place of this example.

You’re on the team that runs Barry’s Bike Shop. Customers have been complaining that they’re waiting too long to get their bikes fixed.

What could you do to make sure your customers don’t head down the street to Coco’s Cycle Warehouse?

_[Figure: A row of bicycles parked in a bike shop repair and retail area.]_

## Adding Constraints *(slide 3)*

*2 mins - Class*

> **Teacher note:** Point out to students how the orange arrows set the constraints that the solution needs to fit inside.

One great way to make ideas more creative is to make them fit inside specific constraints.*

For example, maybe your idea was: make customers happier while they wait.

Check out what happens when you add constraints.

What if our solution…

_[Figure: Three constraint sliders with orange triangle markers and connected solution ideas:
- Space slider: Left endpoint labeled ""…happens in the size of a closet"" with a red marker pointing to a callout: ""Barista serves you fancy coffee and talks w/you about bikes"". Right endpoint labeled ""… happens in the size of a supermarket"".
- People slider: Left endpoint labeled ""…involves 1 person (or none!)"". Right endpoint labeled ""…more than 10 people"" with a red marker pointing to a callout: ""You take a class in bike racing while you wait"".
- Time slider: Left endpoint labeled ""….takes 1 min or less"" with a red marker pointing to a callout: ""You get a 10% off gear coupon if you wait more than 10 minutes"". Right endpoint labeled ""…takes 1 hr or more"".]_

\*A constraint is a limitation or restriction. It can function like a parameter or a specification.

## Remixing with Constraints *(slide 4)*

*2 mins - Class*

As a class, choose one of your bike shop ideas, and remix it to fit within the constraints selected below.

What if our solution…

_[Figure: Three constraint sliders with set markers and empty dashed boxes for ideas:
- Space slider: Left endpoint ""…happens in the size of a closet"" has an orange marker pointing to an empty dashed box. Right endpoint is labeled ""… happens in the size of a supermarket"".
- People slider: Left endpoint is labeled ""…involves 1 person (or none!)"". Right endpoint ""…more than 10 people"" has an orange marker pointing to an empty dashed box.
- Time slider: Left endpoint ""….takes 1 min or less"" has an orange marker pointing to an empty dashed box. Right endpoint is labeled ""…takes 1 hr or more"".]_

## Create Your Own Constraints *(slide 5)*

*3 mins - Pairs*

> **Teacher note:** Divide students into pairs.
> 
> Ask 3-4 teams to share one of the ideas they generated.

In pairs, create your own constraints to use in the next challenge.

_[Figure: Four constraint spectrums with blank boxes to fill in opposite constraints:
- Time: Left side has a blank dashed box with a marker near the center; right endpoint is labeled ""Takes a week"".
- Space: Left endpoint is labeled ""Size of a closet""; right side has a blank dashed box with a marker near the center.
- People: Left side has a blank dashed box with a marker near the left; right endpoint is labeled ""100 people"".
- Cost: Left endpoint is labeled ""$5 or less""; right side has a blank dashed box with a marker near the center-right.]_

## Porch Piracy Challenge *(slide 6)*

*7 mins - Pairs-Class*

> **Teacher note:** Divide students into pairs.
> 
> Ask 3-4 pairs to share one of the ideas they generated.
> 
> Optional: replace this challenge with one of your own (for example: the rise in biking accidents) or take a few minutes to get your students to identify an urgent problem facing the community.

It seems like everyday someone else gets a package stolen.

How might we reduce this rash of porch piracy?

1. In pairs, come up with solutions to this challenge that fit each of the constraints you created on the last slide.
2. As a class, choose 3 constraints… and then come up with 1 solution that meets all of them.

_[Figure: An illustration of a masked thief in a hoodie running away from a front porch carrying a stolen package.]_

## Bonus *(slide 7)*

*2 mins - Class*

> **Teacher note:** Making coffee
> 
> What: Start with writing your current challenge in the middle of the paper. (We start with “what,” not “why.”) This is our initial goal.
> 
> Why: Give everyone some time to think on their own. Using 3 x 3 inch sticky notes, have everyone write 2–3 reasons (one per sticky note) on why they feel this challenge is critical. I ask them to finish the phrase “In order to…”
> 
> Invite people to post the “why” sticky notes and map them according to their level of abstraction, clustering similar goals.
> 
> How: In what ways might we achieve these goals mapped in step 3 or the initial goal? Ask people to get concrete with their goals by finishing the phrase, “We could…” with each person writing 2–3 “hows.”
> 
> Post up the “how” sticky notes and map them according to their level of concreteness, clustering similar approaches.

Many of the ideas you generate will be too far-out to be practical—but they may contain a seed from which you could grow a great solution.

Working with your partner, turn one\* of your crazy ideas into a solution that could really work.

\*OR you could combine two or more ideas together.

_[Figure: A flowchart tracing an idea's evolution:
- ""Original Idea"": ""Barista serves you fancy coffee and talks with you about bikes""
  ↓
- ""Seed"": ""The idea of a barista taking the time to make a great coffee makes you realize that you do the same: take more time to fix bikes…because you fix them better.""
  ↓
- ""Solution"": ""Redesign your store so people can watch the mechanics at work, talk to them about what they’re doing, and discover how much quality goes into the repairs.""]_

## Apply *(slide 8)*

*3 mins - Class*

Use constraints to help your students develop creative solutions to challenges like these:

- **Science:** Develop an innovative solution to a global problem (e.g. cleaning plastic from oceans).
- **English:** Rewrite a story’s ending and compare the impact of your revision to the original.
- **Social Studies:** Imagine an alternate event...and explore what might have happened if, for example, the Civil War had ended differently.

_[Figure: Four constraint sliders showing different parameters:
- Space: ""Size of a closet"" to ""Size of a supermarket"" (marker near center-left)
- People: ""1 person (or none!)"" to ""More than 10 people"" (marker near right)
- Time: ""Takes 1 min or less"" to ""Takes 1 hr or more"" (marker near left)
- Cost: ""$5"" to ""$1 million"" (marker near center-right)]_

## Extras *(slide 9)*

> **Teacher note:** Exemplar: Who's on the Other End?

## Remix: Using Constraints to Design Projects with Your Class *(slide 10)*

Nate Langel, science teacher at the Public Museum School in Grand Rapids, MI uses the constraint framework to help his students think through the criteria they’ll need to meet in order to make sure their projects are “work-able.”

Together, they think about questions like: where will this project be exhibited? When does it need to be ready? Who, if anyone, will supervise its use?

The projects we build must…

_[Figure: Three constraint sliders tailored to classroom project design:
- Space: marker points to ""…fit inside the library’s foyer""
- People: marker points to ""…operate without anyone to give directions on how it works""
- Time: marker points to ""…be done before Thanksgiving break""]_"
cool_off_kelce,"Cool Off, Kelce",LL.SM.3.b,fc07d4e4-daa0-45f9-be5f-e36fa85bb1f6,Self-Monitoring,LL.SM.3,Self-Regulation,LL,Students learn to anticipate their reactions in high-pressure situations in order to prepare for them.,"Early in the school year as community building within your class; before a particularly stressful situation (a big test, a school dance) to help students unpack how they’re feeling and come up with productive ways to manage those feelings.",Analyze their emotions in different school situations and come up with potential helpful and unhelpful reactions.,None,Customize the situations in Slide 3 to relate to your students.,15 min,Pair,"whole class, solo, pairs, then whole class",,https://xq-learning-xq-engineering.vercel.app/activities/cool_off_kelce,https://docs.google.com/presentation/d/1AWDStuGavHGfAxFHaDfuYwakGdfPvyY4lRsFzbOfRT4/copy,CC BY 4.0,© 2026 XQ Institute. Licensed under CC BY 4.0. https://creativecommons.org/licenses/by/4.0/ The Reaction Plan sentence starters were adapted from an article by Elizabeth Matlick (https://www.edsurge.com/news/2020-02-18-my-greatest-teaching-problem-was-feedback-here-s-how-research-helped-me-solve-it).,,"## When Travis Kelce lost his cool *(slide 2)*

*2 min - class*

> **Teacher note:**
> Ask students these questions one at a time as a class discussion.
> 
> Many students will probably remember this event. For the first question, ask for one or two students to explain the incident to the rest of the class. If no one recognizes it, here’s a summary: During Super Bowl LVIII, Kansas City Chiefs tight end Travis Kelce was his frustrated by the game and expressed it by getting in the face of his coach, Andy Reid, shouting and bumping into him on the sideline. Kelce later expressed regret, admitting, 'I can't get that fired up where I'm bumping coach and it's getting him off-balance.' He emphasized that his emotions got the best of him.
> 
> To transition to the next slide, remind students: In the unheated moment, we can all think of other ways to approach this situation, but we might not have that option when we're emotional.

- Who recognizes this picture?
- What do you think Travis Kelce was feeling in the moment?
- What could Travis Kelce have done instead?

_[Figure: Photograph of Kansas City Chiefs tight end Travis Kelce passionately shouting at head coach Andy Reid on the sideline during Super Bowl LVIII.]_

## How do you feel in these situations? *(slide 3)*

*2 min - solo*

> **Teacher note:**
> This slide has animations to show situations one at a time.
> 
> Customize this slide to include more relevant situations for your school or to focus on a particular high-stakes situation.
> 
> This slide is meant to evoke emotions for different school situations. If students have trouble labeling emotions, you can have students start with an emoji or a reaction, and then they can translate that into an emotion.
> 
> The [Feelings Wheel](https://feelingswheel.com/) is a great resource for labeling emotions.

Write down the first emotion that comes to mind.

- Getting my essay back
- Right before a test
- Receiving feedback from my classmates
- Arriving to school late
- Getting called on by the teacher
- Giving a big presentation

_[Figure: Six photos illustrating each school situation: a student looking anxiously at an essay, a student studying intently right before a test, a group of classmates discussing feedback around a table, a student running up school steps with a backpack, a teacher calling on students in a classroom, and a student giving a presentation into a microphone.]_

## How can we manage our reactions? *(slide 4)*

*4 min - pairs*

> **Teacher note:**
> Share the Reaction Plan template and example to your class. Then, let partners choose or assign situations for students to write Reaction Plans. Students should write big so it’s visible for the Gallery Walk next.

When we’re stressed, we can react in unhelpful ways. Use a Reaction Plan to prepare helpful responses for the future:

**Reaction Plan Template:**
- If I feel [emotion],
- then I might [unhelpful reaction].
- Instead, I can [helpful reaction].

**Example situations:**
getting my essay back, arriving to school late, right before a test, getting called on by the teacher, receiving feedback from my classmates, giving a big presentation.

**Example:**
> **Giving a big presentation**  
> If I feel scared,  
> then I might rush through it and avoid eye contact.  
> Instead, I can take deep breaths, speak slowly, and make eye contact with a friend.

**With a partner:** Choose a stressful situation and write a Reaction Plan! Use a whole sheet of paper so it’s easy to read.

## Gallery Walk *(slide 5)*

*6 min - class / pairs*

> **Teacher note:**
> Looking ahead: If students are planning for a specific stressful situation (like a high-stakes test), remind students about their helpful reactions on that day. After, check if their strategies worked for them.

Leave your Reaction Plan on your desk and make sure it’s easy to read.

**5-min Gallery Walk:**
- Silently, walk around the room and read other Reaction Plans.
- Choose one Reaction Plan (yours or someone else’s) that you expect to happen in the next week. Write down or take a picture of this Reaction Plan.

**After the Gallery Walk:** Tell your partner your chosen Reaction Plan. Shake hands to commit to choosing the helpful reaction!

_[Figure: Students walking by and viewing work posted on a display board.]_

## Cool Off, Kelce *(slide 6)*

*1 min - class*

> **Teacher note:**
> Close out by reminding students of this initial example. Regardless of the passion or frustration Travis was experiencing on the feel, even he agreed that it was not the best way to express his emotions in that moment.
> 
> In school, students will need to practice regulating their emotions and practice swapping the unhelpful reaction for the helpful one. This example can serve as a humorous connection for students in tough situations: “I understand you’re feeling frustrated, but I need you to not tell Kelce to cool off right now. What can we do instead?”

_[Figure: Photograph of Travis Kelce yelling at coach Andy Reid on the sideline.]_

<!-- REVIEW: The slide inventory includes text blocks for ""Chris Rock"" and ""Will Smith"", which do not visibly appear on this slide. -->

## Credits

Note: The Reaction Plan sentence starters were adapted from [this article](https://www.edsurge.com/news/2020-02-18-my-greatest-teaching-problem-was-feedback-here-s-how-research-helped-me-solve-it) by Elizabeth Matlick."
crossroads_moments,Crossroad Moments,LL.SD.2.b,134b216d-db6e-4ba1-beaa-247da7ed08c8,Iterative thinking,LL.SD.2,Wayfinding,LL,"Students learn to step back from an experience to discover what they do well, enjoy, and might pursue next to learn more about themselves.","after experiences, big and small, to build the habit of frequently “checking in.” For example: At checkpoints during and after academic projects, when students need to choose their next steps. During and after work experiences (e.g,. internships), when students need to make sense of what happened. After any lesson, especially one in which students have tried out a different way of working.",reflect on a crossroads moment—and discuss their reflection with a partner who helps them plan for what they might learn next.,None,"Choose a few challenges students are facing for Slide 2 Students will reflect on a recent experience. You can focus everyone on the same experience like a project they just completed, or ask them to choose their own.",15 min,Pair,"whole class, then pairs, then whole class",,https://xq-learning-xq-engineering.vercel.app/activities/crossroads_moments,https://docs.google.com/presentation/d/1goTxhdOeVDVMjvEUcLqEVyLcvrEs1PogIvwPKmTcZDA/copy,CC BY 4.0,© 2026 XQ Institute. Licensed under CC BY 4.0. https://creativecommons.org/licenses/by/4.0/,,"## Crossroad Moments *(slide 2)*

*1 min - Class*

> **Teacher note:** Replace one or more of these thought bubbles with the challenges your students are facing right now—or generate these challenges with your students. (Some examples:auditioning for the school play; planning the prom; applying for a part-time job.)
>
> This activity aims to help students…
> - …get in the habit of turning their everyday experiences (that just happen to them) into experiments (that they learn from.)
> - …take the big decisions they’re facing and break them into bite-sized pieces they can think better about. (So instead of asking overwhelming questions like Do I want to be a lawyer? they can think about whether they enjoy doing what lawyers spend their days doing: building arguments, keeping track of details, writing, etc.)

Each of us is making choices all the time, big and small…and sometimes it can feel like we’ve got no clear reason for choosing one direction over another.

But that’s not really true. We’re getting information all the time from the things that happen to us: about what we like, what we’re good at, what matters to us—and who we are.

We just need to stop for a minute to think about what we could learn from these crossroad moments.

_[Figure: Three illustrated students with thought bubbles:
- ""Which college should I apply to?""
- ""Should I audition for that part in the musical?""
- ""Which of these people should I be spending my time with?""]_

## What happened *(slide 3)*

*3 min - Class*

> **Teacher note:** Howard Thurman was an American author, philosopher and theologian who served as the dean of the chapels at Howard University and Boston University, where his ideas about nonviolence influenced a number of civil rights activists, including [Martin Luther King, Jr.](https://en.wikipedia.org/wiki/Martin_Luther_King_Jr.)

Crossroad moment: ____________________

Date: ____________________

### 1. Observe
When you think back on this event, what are 3 specific moments that stand out vividly in your mind?

### 2. Reflect
a. Which of these moments made you feel really energized?
…or drained your energy?

b. When, during this event, did you feel like you were really good at what you were doing?
…or were outside your comfort zone?

“Don't ask yourself what the world needs. Ask yourself what makes you come alive and then go do that. Because what the world needs is people who have come alive.”
—Howard Thurman

_[Figure: Black-and-white photograph of Howard Thurman resting his chin on his hand.]_

## What matters *(slide 4)*

*3 min - Class*

Replace these sample notes with the reflections you wrote down on the last slide.

The yellow notes are an example of a student’s reflections after working on a robot-building team.

(“Presenting in front of people” is something they feel comfortable doing but don’t enjoy. “Designing the look of our presentation” is something they enjoy doing, but don’t yet feel good at.)

_[Figure: A two-axis matrix with vertical axis labeled ""In my comfort zone"" at the top and ""Out of my comfort zone"" at the bottom, and horizontal axis labeled ""Did not enjoy"" on the left and ""Enjoyed"" on the right. Yellow sticky notes are placed in the four quadrants:
- In my comfort zone / Did not enjoy: ""Presenting in front of people""
- In my comfort zone / Enjoyed: ""Coming up with the story""
- Out of my comfort zone / Did not enjoy: ""Coding the robot""
- Out of my comfort zone / Enjoyed: ""Designing the look of our presentation""]_

## What’s next *(slide 5)*

*6 min - Pairs*

> **Teacher note:** It’s a lot easier to reflect on our experience when we “get outside our own head.” So we ask students to
> - Externalize their thoughts by writing them on notes they can consider “from a distance.”
> - Collaborate with a partner who can help them reflect on what happened —and what it might mean.
>
> Try to pair students with partners who were not involved in the experience on which they’re reflecting. This approach allows partners to help each other reflect better—without offering their own interpretation of what happened.

In pairs, take turns sharing your notes with your partner.

1. Give a brief summary of the moment you wrote about.
2. Ask your partner questions to help them think more about their notes. For example:
   - Which part of presenting didn’t you like?
   - What else would you need to learn in order to get more comfortable doing visual design?
3. Help your partner come up with ideas (like the green ones) about what they might do next.

_[Figure: The two-axis matrix with axes ""In my comfort zone"" (top), ""Out of my comfort zone"" (bottom), ""Did not enjoy"" (left), and ""Enjoyed"" (right), displaying yellow reflection notes paired with green next-step notes:
- Top-left quadrant (In my comfort zone / Did not enjoy): Yellow note ""Presenting in front of people"" paired with green note ""Maybe try next time with a smaller group?""
- Top-right quadrant (In my comfort zone / Enjoyed): Green note ""Try making a video to tell the story."" paired with yellow note ""Coming up with the story""
- Bottom-left quadrant (Out of my comfort zone / Did not enjoy): Yellow note ""Coding the robot"" paired with green note ""Find out what app design is like.""
- Bottom-right quadrant (Out of my comfort zone / Enjoyed): Green note ""Team up with someone who’s really good at graphic design and get some pro tips."" paired with yellow note ""Designing the look of our presentation""]_

## Now what? *(slide 6)*

*1 min - Class*

> **Teacher note:** As your students get used to reflecting on crossroad moments, they’ll be able to move through the process more quickly. Try making 5-minute debriefs a regular routine after presentations, labs, etc.

Because you stepped back to think about this crossroad moment, you now know something more about the things that matter to you. That’s really valuable information. You filled in a little more of the map of your world—and the map of you.

So what next step will you take to learn more about the parts of yourself that you still don’t understand and want to know better?

_[Figure: A close-up photograph of a hiker in a yellow jacket and backpack holding and unfolding a paper trail map.]_

## Apply *(slide 7)*

*1 min - Class*

The next time you reflect on a crossroads moment, you can use the same matrix, or change the axes to explore other things you want to learn.

_[Figure: A diagram showing a vertical axis with three alternative horizontal axes intersecting it:
- Vertical axis: ""In my comfort zone"" (top) to ""Not in my comfort zone"" (bottom)
- Green horizontal axis: ""Doesn’t really matter to me"" (left) to ""My personal mission"" (right)
- Pink horizontal axis: ""The world already has plenty of it"" (left) to ""The world really needs it"" (right)
- Blue horizontal axis: ""I don’t see how I can make money doing it"" (left) to ""I can make good money doing it"" (right)]_"
describe_the_relationship,Describe the Relationship,OT.Crit.3.c,62cb255e-1507-4814-bf33-0d9ea35722d9,Understanding relationships,OT.Crit.3,Synthesis,OT,Students learn to describe how two ideas are related to generate new insights.,"When starting research papers, developing concise thesis statements, linking evidence to construct persuasive arguments, and engaging in group discussions.","Practice describing the possible relationships between two notions, starting with an example then transitioning to current classroom topics.",None,Add details about an example specific to the topic or subject you are covering to Slide 4.,20-30 min,Small Group,"groups of 3, then whole class, then solo",,https://xq-learning-xq-engineering.vercel.app/activities/describe_the_relationship,https://docs.google.com/presentation/d/1zRABIjSuir9isyYrlHK9HOtQE3e2TJ8LAo-3sCuJkms/copy,CC BY 4.0,© 2026 XQ Institute. Licensed under CC BY 4.0. https://creativecommons.org/licenses/by/4.0/,,"## Brainstorm the Relationship *(slide 2)*

*3 min - Group*

> **Teacher note:**
> Use the example provided on the slide or switch it out with your own.

_[Figure: An illustration of a television showing an upward-trending bar graph.]_

Streaming now accounts for almost 40% of all TV viewership.

_[Figure: An illustration of a video screen with a play icon and a downward arrow.]_

The average number of episodes in a TV series has declined to 10 per season.

1. In groups of three, brainstorm at least two possible explanations for the relationship between these two observations.
2. Don’t worry about being right! For now, just focus on coming up with ideas.
3. Have a notetaker capture ideas and be prepared to share them with the class.

## Class Discussion *(slide 3)*

*5 min - Class*

> **Teacher note:**
> There are many ways to connect the two ideas! For instance, the rise in streaming might be linked to new binge-watching habits which causes producers to create more, shorter seasons so that a ""new season"" happens more often.
> 
> Guide a class discussion using the questions on the slide. Make sure students see that describing the relationship between two observations can lead to fresh insights or questions to explore further.

_[Figure: Two thought clouds each labelled ""Idea"", connected by a dashed line marked with three question marks: ""?"", ""?"", ""?""]_

1. How do you know if you’ve described the relationship correctly?
2. What’s the value of being able to describe the relationship?
3. What new questions do you have?

## Apply Synthesis Skills *(slide 4)*

*10+ min - Solo*

> **Teacher note:**
> You have options for how you might use this slide:
> - Option A: Add two sources from a current assignment or task and ask students to produce a synthesis.
> - Option B: Have students find two sources and produce a synthesis.
> 
> Consider using a gallery walk to give students the opportunity to read their peers' syntheses, sparking new ideas they may not have considered.
> 
> Remind students that while we may not always have the ""right"" description, our efforts can lead to new questions and the search for additional evidence.

- Let’s apply our synthesis skills to another topic.
- Describe the relationship between the two sources to produce a synthesis.
- Be prepared to share your synthesis with the class!

### Add your source here!
*Example:* An educational article explains that Shakespeare's ""Romeo and Juliet"" reflects the expectations and family roles common during the Elizabethan era. These historical elements influence the choices and dilemmas faced by the characters in the play.

### Add your source here!
*Example:* A literary critique highlights how modern readers interpret ""Romeo and Juliet"" differently, applying today's views on individual choice and love. This perspective can change how we understand the characters' actions and the play's message.

### Add synthesis here.
The relationship: both sources support the idea that our values and expectations shape the ways we read texts.

Combining both sources, we learn that appreciating the historical context of Shakespeare's time deepens our understanding of ""Romeo and Juliet,"" showing why characters act as they do under their societal norms. At the same time, recognizing our contemporary views allows us to see the play with fresh eyes, revealing its timeless relevance.

This dual perspective enriches our study of English Literature, showing the importance of historical context when interpreting literary works."
dispute_duel,Dispute Duel,GC.IS.2.a,dca3f11f-55fe-40d9-9983-524601eff0d4,Managing disagreement,GC.IS.2,Negotiating Conflict,GC,Students learn to accurately summarize an opponent’s view and counter with their own during a disagreement.,"Before a class debate or discussion, to practice disagreeing productively (or to help students work through conflict during a group project).",Use a debate game to practice disagreeing productively.,None,Enough space for groups of three to spread out and practice debating. Add assignment or practice opportunity to Slide 7.,15-20 minutes,Small Group,groups of 3,,https://xq-learning-xq-engineering.vercel.app/activities/dispute_duel,https://docs.google.com/presentation/d/1pse8PQhzT3IAgwPnCC9zZqOnwUXeVmGe2MBuw07DLHo/copy,CC BY 4.0,© 2026 XQ Institute. Licensed under CC BY 4.0. https://creativecommons.org/licenses/by/4.0/,,"## Game Instructions *(slide 2)*

*3 min - Class*

> **Teacher note:**
> - Introduce the game, Dispute Duel, with this slide where students practice disagreeing using sentence stems from the ASC Framework.
> - Emphasize the third person's role as a referee since students may forget to use sentence stems in the heat of the debate.

In this game, we will practice disagreeing with each other using stems from the Ask, Summarize, Counter Framework on the following slides.

On each slide you will find a debate question.

In groups of three, you will assign roles and follow this protocol:

_[Figure: Illustrations representing three roles: 1. Proposer (person speaking), 2. Opposer (person with a backwards cap and a question mark), and 3. Observer (person looking through binoculars).]_

1. **Proposer**: Presents their answer to the debate question and provides their reasoning
2. **Opposer**: Takes the opposite side and uses sentence stems to ask, summarize, and counter the Proposer
3. **Observer**: Keeps everyone on task and listens to make sure the opposer used all the sentence stems

After 2 minutes of debate, the Observer shares their observations,

## Example *(slide 3)*

*2 min - Class*

> **Teacher note:**
> Consider asking three students to model the interaction before everyone tries in their own groups.

**EXAMPLE**

### Is water wet or does it just make things wet?

### Debate Protocol

_[Figure: Numbered icons for 1. Proposer, 2. Opposer, and 3. Observer.]_

1. **Proposer**  
   Water is not wet because ""wet"" describes a condition that only applies to things that were dry before getting wet.

2. **Opposer**  
   - Can you elaborate on what you mean? Are you suggesting that something must be dry first to become wet?
   - So your main point is water isn't wet because ""wet"" only applies to things that were first dry and became wet.
   - While I understand you, I see things differently. I think water is wet because ""wet"" means being covered or saturated with a liquid. Since water is a liquid, it is always in a ""wet"" state.

3. **Observer**  
   I can confirm that the opposer used all the sentence stems in their response

### ASC Framework

**Ask:**
- ""Can you elaborate on…?""
- ""What led you to that conclusion?""

**Summarize:**
- ""So, your main point is...""
- “If I understand, you believe...""

**Counter:**
- ""I think differently because...""
- ""While I understand you, I think...""

## Round 1 *(slide 4)*

*3 min - Class*

> **Teacher note:**
> - If time permits, have students rotate roles and play again using the debate questions on the following slides.
> - After students play the game, consider leading a debrief on what happened and whether or not the stems helped students respond to one another.

### Round 1: Is cereal a soup?

### Debate Protocol

_[Figure: Numbered icons for 1. Proposer, 2. Opposer, and 3. Observer.]_

1. **Proposer**  
   Presents their answer to the debate question and provides their reasoning

2. **Opposer**  
   Takes the opposite side and uses sentence stems to ask, summarize, and counter the proposer

3. **Observer**  
   Keeps everyone on task and listens to make sure the opposer used all the sentence stems

After 2 minutes, the observer ends the debate and shares their observations.

### ASC Framework

**Ask:**
- ""Can you elaborate on…?""
- ""What led you to that conclusion?""

**Summarize:**
- ""So, your main point is...""
- “If I understand, you believe...""

**Counter:**
- ""I think differently because...""
- ""While I understand you, I think...""

## Round 2 *(slide 5)*

*3 min - Class*

> **Teacher note:**
> - If time permits, have students rotate roles and play again using the debate questions on the following slides.
> - After students play the game, consider leading a debrief on what happened and whether or not the stems helped students respond to one another.

### Round 2: Is a hot dog a sandwich?

### Debate Protocol

_[Figure: Numbered icons for 1. Proposer, 2. Opposer, and 3. Observer.]_

1. **Proposer**  
   Presents their answer to the debate question and provides their reasoning

2. **Opposer**  
   Takes the opposite side and uses sentence stems to ask, summarize, and counter the proposer

3. **Observer**  
   Keeps everyone on task and listens to make sure the opposer used all the sentence stems

After 2 minutes, the observer ends the debate and shares their observations.

### ASC Framework

**Ask:**
- ""Can you elaborate on…?""
- ""What led you to that conclusion?""

**Summarize:**
- ""So, your main point is...""
- “If I understand, you believe...""

**Counter:**
- ""I think differently because...""
- ""While I understand you, I think...""

## Round 3 *(slide 6)*

*3 min - Class*

> **Teacher note:**
> - If time permits, have students rotate roles and play again using the debate questions on the following slides.
> - After students play the game, consider leading a debrief on what happened and whether or not the stems helped students respond to one another.

### Round 3: Does a straw have one hole or two?

### Debate Protocol

_[Figure: Numbered icons for 1. Proposer, 2. Opposer, and 3. Observer.]_

1. **Proposer**  
   Presents their answer to the debate question and provides their reasoning

2. **Opposer**  
   Takes the opposite side and uses sentence stems to ask, summarize, and counter the proposer

3. **Observer**  
   Keeps everyone on task and listens to make sure the opposer used all the sentence stems

After 2 minutes, the observer ends the debate and shares their observations.

### ASC Framework

**Ask:**
- ""Can you elaborate on…?""
- ""What led you to that conclusion?""

**Summarize:**
- ""So, your main point is...""
- “If I understand, you believe...""

**Counter:**
- ""I think differently because...""
- ""While I understand you, I think...""

## Custom Debate Question *(slide 7)*

*5+ min - Class*

> **Teacher note:**
> You can have your students use the ASC Framework when discussing sensitive topics in your content area; for example: literary themes from a recent reading assignment or a class debate on the use of the atom bomb.

Insert a question you would like students to debate using the ASC Framework.

### Debate Protocol

_[Figure: Numbered icons for 1. Proposer, 2. Opposer, and 3. Observer.]_

1. **Proposer**  
   Presents their answer to the debate question and provides their reasoning

2. **Opposer**  
   Takes the opposite side and uses sentence stems to ask, summarize, and counter the proposer

3. **Observer**  
   Keeps everyone on task and listens to make sure the opposer used all the sentence stems

After 2 minutes, the observer ends the debate and shares their observations.

### ASC Framework

**Ask:**
- ""Can you elaborate on…?""
- ""What led you to that conclusion?""

**Summarize:**
- ""So, your main point is...""
- “If I understand, you believe...""

**Counter:**
- ""I think differently because...""
- ""While I understand you, I think...""

## Example Application: Biology *(slide 8)*

*5+ min - Class*

> **Teacher note:**
> You can have your students use the ASC Framework when discussing sensitive topics in your content area; for example, literary themes from a recent reading assignment or a class debate on the use of the atom bomb.

_[Figure: Diagonal banner reading ""Example Application: Biology"".]_

### Should GMOs be used in agriculture and food production?

### Debate Protocol

_[Figure: Numbered icons for 1. Proposer, 2. Opposer, and 3. Observer.]_

1. **Proposer**  
   Presents their answer to the debate question and provides their reasoning

2. **Opposer**  
   Takes the opposite side and uses sentence stems to ask, summarize, and counter the proposer

3. **Observer**  
   Keeps everyone on task and listens to make sure the opposer used all the sentence stems

After 2 minutes, the observer ends the debate and shares their observations.

### ASC Framework

**Ask:**
- ""Can you elaborate on…?""
- ""What led you to that conclusion?""

**Summarize:**
- ""So, your main point is...""
- “If I understand, you believe...""

**Counter:**
- ""I think differently because...""
- ""While I understand you, I think...""

## Example Application: ELA *(slide 9)*

*5+ min - Class*

> **Teacher note:**
> You can have your students use the ASC Framework when discussing sensitive topics in your content area; for example, literary themes from a recent reading assignment or a class debate on the use of the atom bomb.

_[Figure: Diagonal banner reading ""Example Application: ELA"".]_

### Does Gatsby truly love Daisy, or is he more in love with the idea of her and what she represents?

### Debate Protocol

_[Figure: Numbered icons for 1. Proposer, 2. Opposer, and 3. Observer.]_

1. **Proposer**  
   Presents their answer to the debate question and provides their reasoning

2. **Opposer**  
   Takes the opposite side and uses sentence stems to ask, summarize, and counter the proposer

3. **Observer**  
   Keeps everyone on task and listens to make sure the opposer used all the sentence stems

After 2 minutes, the observer ends the debate and shares their observations.

### ASC Framework

**Ask:**
- ""Can you elaborate on…?""
- ""What led you to that conclusion?""

**Summarize:**
- ""So, your main point is...""
- “If I understand, you believe...""

**Counter:**
- ""I think differently because...""
- ""While I understand you, I think...""

## Example Application: Math *(slide 10)*

*5+ min - Class*

> **Teacher note:**
> You can have your students use the ASC Framework when discussing sensitive topics in your content area; for example, literary themes from a recent reading assignment or a class debate on the use of the atom bomb.

_[Figure: Diagonal banner reading ""Example Application: Math"".]_

### Which is more useful for everyday math: fractions or decimals?

### Debate Protocol

_[Figure: Numbered icons for 1. Proposer, 2. Opposer, and 3. Observer.]_

1. **Proposer**  
   Presents their answer to the debate question and provides their reasoning

2. **Opposer**  
   Takes the opposite side and uses sentence stems to ask, summarize, and counter the proposer

3. **Observer**  
   Keeps everyone on task and listens to make sure the opposer used all the sentence stems

After 2 minutes, the observer ends the debate and shares their observations.

### ASC Framework

**Ask:**
- ""Can you elaborate on…?""
- ""What led you to that conclusion?""

**Summarize:**
- ""So, your main point is...""
- “If I understand, you believe...""

**Counter:**
- ""I think differently because...""
- ""While I understand you, I think...""

## Example Application: U.S. History *(slide 11)*

*5+ min - Class*

> **Teacher note:**
> You can have your students use the ASC Framework when discussing sensitive topics in your content area; for example, literary themes from a recent reading assignment or a class debate on the use of the atom bomb.

_[Figure: Diagonal banner reading ""Example Application: U.S. History"".]_

### Was the American Revolution justified, or could the colonies have negotiated with Britain?

### Debate Protocol

_[Figure: Numbered icons for 1. Proposer, 2. Opposer, and 3. Observer.]_

1. **Proposer**  
   Presents their answer to the debate question and provides their reasoning

2. **Opposer**  
   Takes the opposite side and uses sentence stems to ask, summarize, and counter the proposer

3. **Observer**  
   Keeps everyone on task and listens to make sure the opposer used all the sentence stems

After 2 minutes, the observer ends the debate and shares their observations.

### ASC Framework

**Ask:**
- ""Can you elaborate on…?""
- ""What led you to that conclusion?""

**Summarize:**
- ""So, your main point is...""
- “If I understand, you believe...""

**Counter:**
- ""I think differently because...""
- ""While I understand you, I think..."""
does_chocolate_make_you_smarter,Does Chocolate Make You Smarter,FL.MST.4.d,f02ab4a2-6f1f-4e8c-bb4c-7237726ae866,Understanding causality,FL.MST.4,Scientific Investigation,FL,Students learn to describe the difference between correlation and causation.,"when studying correlation versus causation, learning about experimental design, or evaluating the strength of evidence for claims.","Students explore the relationship between different countries’ consumption of chocolate, and their number of Nobel Laureates, to uncover the difference between correlation and causation.",None,Replace the example on Slide 6 with an example from your domain.,15 min,Pair,"solo, pairs, then whole class",,https://xq-learning-xq-engineering.vercel.app/activities/does_chocolate_make_you_smarter,https://docs.google.com/presentation/d/1JmTFdb4B_cbX_k7EGnqRwAQKRh9mmc5RcHpRrxu-gWg/copy,CC BY 4.0,"© 2026 XQ Institute. Licensed under CC BY 4.0. https://creativecommons.org/licenses/by/4.0/ Adapted from Franz H. Messerli's ""Chocolate consumption, cognitive function, and Nobel laureates,"" published in the New England Journal of Medicine (https://doi.org/10.1056/nejmon121106).",,"## Think, Pair, Share *(slide 2)*

*2 min - solo, class*

> **Teacher note:**
> In this slide, you’re aiming to help students discover the surprising relationship between the two variables.
> 
> More basically, you’re giving your students a chance to practice their observation skills. So after they’ve completed their Pair time, ask 2-3 students to share their observations with the class. All observations are welcome including “there are country flags” or “they’re measuring X”.
> 
> Whenever a student notices the core relationship, ask the rest of the class: “Who else noticed this relationship? Put it in your own words.”
> 
> When they’ve started to see this relationship, move onto the next slide.

What’s going on in this graph?

List as many things as you can.

_[Figure: A scatter plot titled with y-axis ""Nobel Laureates per 10 Million Population"" (values 0 to 35) and x-axis ""Chocolate Consumption (kg/yr/capita)"" (values 0 to 10). Data points are shown as country flags with labels, including China, Japan, Brazil, Portugal, Greece, Italy, Spain, Poland, Canada, Belgium, Australia, The Netherlands, United States, France, Germany, Ireland, Finland, United Kingdom, Austria, Denmark, Norway, Sweden, and Switzerland.]_

Note: A Nobel Laureate is someone who has won the Nobel Prize, a prestigious award given annually for exceptional work in fields like peace, literature, science, and economics.

Messerli, F. H. (2012). Chocolate consumption, cognitive function, and Nobel laureates. New England Journal of Medicine, 367(16), 1562–1564. [https://doi.org/10.1056/nejmon121106](https://doi.org/10.1056/nejmon121106)

## Correlation *(slide 3)*

*1 min - class*

> **Teacher note:**
> If you want to dive deeper into correlation:
> - Explain that this graph offers an example of positive correlation: As one thing goes up, the other does, too.
> - Draw a graph like this to show them negative correlation: When one thing goes up, the other goes down.
> - Give an example of negative correlation: As renewable energy use increases, air pollution decreases.
> 
> y
> x

_[Figure: The scatter plot of chocolate consumption versus Nobel Laureates from the previous slide, now overlaid with a thick red arrow pointing diagonally upward and to the right, highlighting a positive correlation.]_

You noticed a correlation between chocolate consumption and Nobel Laureates: Those countries that eat more chocolate also produce more Nobel Prize winners.

## Chocolate and Cognitive Function *(slide 4)*

*5 min - pair, class*

> **Teacher note:**
> - Ask the whole class question #1, then have them discuss #2 in pairs.
> - Ask 2-3 students to share their experiment ideas with the class. (If you want to explore the role played by control variables in experimental design, keep a running list of the variables that students mention—e.g. location, age, diet.)
> - Don’t worry if their ideas sound ridiculous. That’s the point! There are many factors that might contribute to a country’s number of Nobel Laureates and the information included in this graph gives us no way to select among them.

_[Figure: On the left, the chocolate consumption versus Nobel Laureates graph with an upward-pointing red trend arrow. On the right, an excerpt from the published paper header: ""THE NEW ENGLAND JOURNAL of MEDICINE"", ""Chocolate Consumption, Cognitive Function, and Nobel Laureates"", Author: Franz H. Messerli, M.D., Published October 18, 2012, N Engl J Med 2012; 367:1562-1564, DOI: 10.1056/NEJMon1211064, VOL. 367 NO. 16.]_

Messerli, F. H. (2012). Chocolate consumption, cognitive function, and Nobel laureates. New England Journal of Medicine, 367(16), 1562–1564. [https://doi.org/10.1056/nejmon121106](https://doi.org/10.1056/nejmon121106)

Finding a positive correlation between chocolate consumption and the number of Nobel Laureates, cardiologist and professor Franz Messerli claimed:

> “Chocolate consumption enhances cognitive function.”

1. On a scale of 1-5, how much do you agree with the author’s claim?
2. How could you prove that chocolate causes people to become smarter?  
   (It’s ok if your experiment sounds silly!)

## Correlation does not imply causation! *(slide 5)*

*3 min - class*

> **Teacher note:**
> - The two questions on this slide are quick checks for understanding. Ask for 2-3 answers per question, and ask students to agree or disagree with one another.
> - For the 1st question, examples of spurious correlations include shark attacks and drownings.

Correlation is when two things are related to each other. When one thing changes, the other thing tends to change too. But that doesn’t mean that one thing causes the other to change.

Causation is when one thing actually causes another thing to happen.

_[Figure: A diagram labelled ""CORRELATION VS. CAUSATION"". At the top is an illustration of a sun labelled ""HOT WEATHER"". Two orange arrows labelled ""CAUSATION"" point downwards: one to a woman's face labelled ""SUNBURN"" and the other to an ice cream cone labelled ""ICE CREAM SALES"". A horizontal double-headed orange arrow connects ""SUNBURN"" and ""ICE CREAM SALES"", labelled ""CORRELATION"".]_

1. What else might correlate with ice cream sales or sunburn?
2. Here’s an example of causation:  
   If you touch a hot stove, you get burned. What’s another example?

## Apply *(slide 6)*

*2 min - pair, class*

> **Teacher note:**
> 4 min - pairs -> class
> 
> Customize this slide. Update the example correlation, image, and variables to match a topic related to your subject.
> 
> Check out [Spurious Correlations](https://www.tylervigen.com/spurious-correlations) for obvious and fun reminders that correlation is not causation.
> 
> Other ideas include:
> - History, economics - Hemline Index (shorter skirts correlate to a stronger economy).
> - Social studies - mortality and cost of living.
> - Science - vaccines and autism (discredited 1998 paper from Andrew Wakefield).
> - ELA - storylines, characters, and sentences that delight us by swerving from the cliches we’ve come to expect.

Correlation: @teacher, insert an image or graph of your correlation in the box below

_[Figure: A blank graph template showing x and y axes with yellow scatter plot dots and an upward red arrow pointing up and to the right.]_

1. How could you prove that [causal statement]?
2. What are some other factors that may help explain this correlation?

## What’s wrong with the chocolate paper? *(slide 7)*

*Bonus Slide*

> **Teacher note:**
> If you want to dive more into the chocolate paper with students, there are many other interesting resources available, including:
> - A [follow-up paper](https://www.sciencedirect.com/science/article/pii/S2590291120300711) that found a strong negative correlation between coffee consumption and number of Nobel Laureates.
> - A [published rebuttal paper](https://www.sciencedirect.com/science/article/pii/S0022316622012196) which also finds a strong correlation between the number of IKEAs and number of Nobel Laureates.
> - The [blog post](https://epianalysis.wordpress.com/2012/11/19/chocolate/) that reviews the original paper.

- **Ecological fallacy:** We don’t know if specifically the people who ate more chocolate were more likely to become Nobel Laureates.
- **Poor metric:** Becoming a Nobel Laureate is such a rare occurrence that it’s a poor measurement of a country’s overall intelligence.
- **Confounding variables:** There are other variables that correlate with Nobel Laureates AND chocolate consumption, the most significant being per capita income.

_[Figure: An image of the bronze Nobel Prize medal showing the profile portrait of Alfred Nobel and the words ""NOBEL PRIZE"".]_"
draw_what,Draw What?,GC.IS.1.b,450b470c-4ad8-4dde-bbb7-2bdc0a4e6075,Effective communication,GC.IS.1,Healthy Relationships,GC,Students learn to identify and enhance effective communication practices.,Before a new unit for students to get to know new teammates and set norms or in the middle of a team unit to help students collaborate better.,"In teams, students complete a communication drawing challenge and reflect on how they can improve their own collaboration.",Print or digitally distribute copies of the Communication Indicators Checklist (one per student).,Groups of 3,15 min,Small Group,groups of 3,,https://xq-learning-xq-engineering.vercel.app/activities/draw_what,https://docs.google.com/presentation/d/1vHYvjNptMwOuuUR2xbC76erAGkJ6sL_A8b8DcSld7so/copy,CC BY 4.0,© 2026 XQ Institute. Licensed under CC BY 4.0. https://creativecommons.org/licenses/by/4.0/,,"## Let’s make some art! *(slide 2)*

*1 min - Group*

> **Teacher note:**
> Pass out or digitally distribute the [Communication Indicators](https://docs.google.com/document/d/1prZBvEbzyRtMGZxCGvpngpj1JpMAyAkNmXSUnIZw3UU/edit?usp=sharing) checklist to every student before starting the activity. You do not need to review or explain the checklist since students will interact with it directly during the activity.
> 
> If not all students can be in groups of 3, form a group of 4: 1 artist, 1 instructor and 2 observers.
> 
> Have students choose roles within their teams. They will rotate these roles in another round.

- But, there’s a catch: The artist doesn’t know what they’re drawing!
- In groups of 3, assign each person a role:

_[Figure: An illustration of a painter's palette with paint blobs.]_

**Artist**
Draws the thing. The artist must face away from the board.
How did you feel when you gave or got kudos?

_[Figure: An illustration of a megaphone.]_

**Instructor**
Tells the artist what to draw. The instructor must be able to see the board.

_[Figure: An illustration of a brain wearing eyeglasses.]_

**Observer**
Watches how artist & instructor work together. Marks observations on the Communication Indicators checklist.

## Draw the following *(slide 3)*

*2 min - Group*

Are you ready?

Your goal is to replicate the picture under this box.

Artists, look AWAY from the board.

You have 2 minutes to draw, instruct, and observe.

## Draw the following *(slide 4)*

*2 min - Group*

_[Figure: A geometric line drawing outlined in purple consisting of:
- A triangular pitched roof with a horizontal base line; the roof overhangs to the left, with a small vertical rectangle hanging down from the left overhang.
- A rectangular middle section containing a large circle resting on a horizontal dividing line.
- A lower trapezoidal section whose outer side lines flare outward toward the bottom.
- A tall vertical rectangular door centered on the bottom baseline.]_

## Draw the following *(slide 5)*

*1 min - Group*

Time’s up! Look at the board and see how you did.

1. Observer: Share what you noticed from the Communication Indicators checklist.
2. Then discuss as a team: What did we do well? What could we have done better?

_[Figure: The same geometric line drawing from the previous slide, featuring a triangular roof with a hanging rectangle on the left, a central circle, and a trapezoidal base with a door.]_

## Draw the following *(slide 6)*

*2 min - Group*

Rotate roles and get ready for Round 2!

Remember the roles: Artist, instructor, and observer

Artists, look AWAY from the board.

You have 2 minutes to draw, instruct, and observe.

## Draw the following *(slide 7)*

*2 min - Group*

_[Figure: A geometric line drawing outlined in purple consisting of two adjacent composite shapes:
- On the left: A square frame containing a wide horizontal rectangle across the upper portion, and a triangle in the lower portion whose base sits along the bottom edge of the square and whose apex touches the bottom edge of the horizontal rectangle.
- On the right: A triangle positioned directly above a large circle; a narrow vertical rectangular shape extends downward from the center of the triangle's base into the upper part of the circle.]_

## Discuss with your team *(slide 8)*

*2 min - Group*

1. How did your communication change from round 1 to 2?
2. Did you try to incorporate any specific Communication Indicators from your checklist? Why or why not?
3. If you were to do this activity again, what would you keep about your communication? What would you change?

## Establish communication norms *(slide 9)*

*3 min - Group*

Discuss these two questions with your team:

_[Figure: An icon representing a single person.]_

**Each person shares:**
What 1-2 Communication Indicators from the checklist are most important to you personally, and why?

_[Figure: An icon representing a team of three people.]_

**As a team:**
Overall, what 3 Communication Indicators should your team focus on when you’re working together?

Use the checklist periodically to check how your communication is going!

## Communication Indicators *(slide 10)*

> **Teacher note:**
> Bonus slide to project the [Communication Indicators](https://docs.google.com/document/d/1prZBvEbzyRtMGZxCGvpngpj1JpMAyAkNmXSUnIZw3UU/edit?usp=sharing) on the board.

### Look for:
It’s often a sign that people are communicating well with one another when they…
- …are physically close to one another.
- …look at one another.
- …acknowledge one another with nonverbal cues (e.g. smiles, nods).
- …use hand gestures to clarify or emphasize points.
- …have small, visible moments of celebration.

### Listen for:
It’s often a sign that people are communicating well with one another when they…
- …summarize what one another says.
- …ask clarifying questions.
- …affirm one another (e.g. “yes,” “good job!”).
- …ask for and give feedback to one other without being prompted.
- …speak without interrupting one another."
feedback_please,Feedback Please?,OT.Creat.2.a,d46880c8-fdc6-412d-b76c-36fef3fc6ad2,Seeking feedback,OT.Creat.2,Sharing Ideas,OT,Students learn how to ask for the specific feedback they need when they need it.,"At the various stages of a project, when students can use different kinds of help.",Explore what makes an effective request for feedback.,None,Optional: Customize the feedback question framework on slide 3.,10 min,Pair,"whole class, then pairs",,https://xq-learning-xq-engineering.vercel.app/activities/feedback_please,https://docs.google.com/presentation/d/1WvDEvGRedy6fPqO2DpgOH01qN94D_1_7EKPEz0eISvg/copy,CC BY 4.0,© 2026 XQ Institute. Licensed under CC BY 4.0. https://creativecommons.org/licenses/by/4.0/,,"## A Late-Night Text *(slide 2)*

*2 min - class*

> **Teacher note:** For the first question, ask students to share their rating on their hands, with 1 = “no way!” and 5 = “super happy to help.”
> 
> For the second question, ask students to share their ideas. Nudge them to focus on how their friend could’ve got a different response by changing:
> - When they wrote (timing)
> - What, exactly, they asked for (specificity)

You’re scrolling your phone before bed when you get this text from a classmate…

_[Figure: A photo of a student lying in bed looking at a glowing phone in the dark, with an incoming text message bubble that reads: ""10:38 PM / Heyyy!! It’s Alex from chem class! Omg finally finished the research paper 📝💫 12 pages!! Can you read it and tell me what you think? Like, ASAP?? Due at midnight 🙏🏼🙏🏼""]_

1. On a scale of 1-5, how willing are you to give Alex feedback?
2. What could Alex do differently to make you more willing to give feedback?

## Getting the feedback you want *(slide 3)*

*2 min - class*

> **Teacher note:** Customize the feedback question framework depending on your class and school so that it can be used throughout the school year.
> 
> Explain that good feedback is hard to give. So if you just ask somebody to “give you feedback,” they’ll likely give you something vague and unhelpful or nothing at all.
> 
> When you’re asking for feedback, think about about two questions: Where are you in your process, and what specific help do you need?

The help we need when we’re starting out a project is really different from what we need when we’re wrapping up.

_[Figure: Two callout boxes framing the table below. On the left, pointing to the Feedback Stage column: ""Where are you in your process?"" On the right, pointing to the Example Feedback Question column: ""What’s the help you need?""]_

| Feedback Stage | Example Feedback Question |
| --- | --- |
| Stage 1<br>Big Picture | I’m just starting out. What do you think of my overall direction? |
| Stage 2<br>Main Improvements | I’ve got a good start. Which parts should I focus on improving? |
| Stage 3<br>Detail Work | I’m almost done. How can I polish the details and make sure everything is clear? |
| Stage 4<br>Final Check | I think I’m finished. Can you check for any last mistakes? |

## What could Alex have done instead? *(slide 4)*

*2 min - pairs, class*

> **Teacher note:** After students have had 1 min, in pairs, to discuss, ask a few students to share their answers with the class.
> 
> Students may have very different responses for “the week before” depending on their assumptions of the research paper assignment, and point out those differences if they come up.

Discuss in pairs:
- What text could Alex have sent a week ago?
- If Alex only just finished their paper, and it is due at midnight, how could they have written their text instead?

_[Figure: A photo of a student lying in bed looking at a glowing phone in the dark, with an incoming text message bubble that reads: ""10:38 PM / Heyyy!! It’s Alex from chem class! Omg finally finished the research paper 📝💫 12 pages!! Can you read it and tell me what you think? Like, ASAP?? Due at midnight 🙏🏼🙏🏼""]_

## Apply *(slide 5)*

*2 min - pairs*
<!-- REVIEW: Slide badge displays 2 min; teacher notes specify 4 min - pairs -->

> **Teacher note:** If you customized the feedback question framework from slide 3, insert your new version here as well.

For our current project in class:

1. On your own: What feedback stage are you at? Write a specific feedback question.
2. With your partner: Ask each other your feedback question. Write down the feedback that you get.
3. On your own: Did you get the feedback you needed? Refine your feedback question.

| Feedback Stage | Example Feedback Question |
| --- | --- |
| Stage 1<br>Big Picture | I’m just starting out. What do you think of my overall direction? |
| Stage 2<br>Main Improvements | I’ve got a good start. Which parts should I focus on improving? |
| Stage 3<br>Detail Work | I’m almost done. How can I polish the details and make sure everything is clear? |
| Stage 4<br>Final Check | I think I’m finished. Can you check for any last mistakes? |"
feelings_wheel,Feelings Wheel,LL.SAw.1.a,7594dd23-6ead-4c38-b52f-80a456ef74ea,Thoughts and behavior,LL.SAw.1,Wellness,LL,Students learn to identify specific emotions using precise language.,"Before, during, or after any event that might evoke strong feelings in students, such as before a high stakes test or after heavy news.","Use a feelings wheel to name feelings they observe, first in a video, and then in themselves.",None,None,25 min,Pair,"pairs, whole class, solo to pairs, then solo",,https://xq-learning-xq-engineering.vercel.app/activities/feelings_wheel,https://docs.google.com/presentation/d/1niHAQiZfLQaH_TSSNRuCeyt1k7SiuXKJmlL_2Vtuo8o/copy,CC BY 4.0,© 2026 XQ Institute. Licensed under CC BY 4.0. https://creativecommons.org/licenses/by/4.0/ Feelings Wheel image by Geoffrey Roberts.,,"## Scene Analysis *(slide 2)*

*5 min - Pairs*

> **Teacher note:**
> Context: In this scene from Stranger Things, Steve is sharing his feelings for his friend Robin.
> The video will automatically begin at 1:06 and stop at 2:37.
> Use the questions to drive home the point that feelings can be hard to describe.
> 
> *Note: As of 8/21/2024, this YouTube video clip has no ads. Please verify before showing to your class.

Watch the video* and observe Robin's behavior and expressions carefully.

In pairs, discuss the following questions:
- What’s happening in this scene?
- What emotions do you think Robin is feeling? How do you know?

_[Figure: Video still of Steve and Robin from Stranger Things sitting on a bathroom floor, with logos ""NETFLIX"", ""CLIP"", and ""STRANGER THINGS"".]_

## Feelings Wheel *(slide 3)*

*5 min - Pairs*

> **Teacher note:**
> Selling the use of the tool requires authentic participation from the teacher. Have you used similar tools? How are you feeling right now? Candor is key.
> 
> With so many options, it is possible that some words will be new to students or the distinctions between them subtle. Give students time to parse the words on the wheel and discuss what it looks like when someone has that emotion.

Tools like the one on the right can help us find specific language to describe what we’re feeling.

Take a few minutes to explore the wheel with a partner. If you don’t know what a word means or what the emotion looks like, discuss together or check out this [list with definitions.](https://emotionwheel.app/feelings_chart)

- What happens as you move outwards on the wheel? Why is that helpful?

Too small? [Try this online version](https://app.wheeloffeels.com/#/)

_[Figure: The Feelings Wheel by Geoffrey Roberts, showing emotions arranged in concentric rings moving outward from core feelings to more specific emotions:
- Center ring (core emotions):
  - Surprised
  - Bad
  - Fearful
  - Angry
  - Disgusted
  - Sad
  - Happy
- Middle and outer rings:
  - Surprised:
    - Startled: Shocked, Dismayed
    - Confused: Disillusioned, Perplexed
    - Amazed: Astonished, Awe
    - Excited: Eager, Energetic
  - Bad:
    - Tired: Unfocused, Sleepy
    - Stressed: Out of control, Overwhelmed
    - Busy: Rushed, Pressured
    - Bored: Apathetic, Indifferent
  - Fearful:
    - Scared: Helpless, Frightened
    - Anxious: Concerned, Worried
    - Insecure: Inadequate, Inferior
    - Weak: Worthless, Insignificant
    - Rejected: Excluded, Persecuted
    - Threatened: Nervous, Exposed
  - Angry:
    - Let down: Betrayed, Resentful
    - Humiliated: Disrespected, Ridiculed
    - Bitter: Indignant, Violated
    - Mad: Furious, Jealous
    - Aggressive: Provoked, Hostile
    - Frustrated: Infuriated, Annoyed
    - Distant: Withdrawn, Numb
    - Critical: Skeptical, Dismissive
  - Disgusted:
    - Disapproving: Judgmental, Condemned
    - Uncomfortable: Appalled, Revolted
    - Awful: Nauseated, Detestable
    - Repelled: Horrified, Hesitant
  - Sad:
    - Hurt: Embarrassed, Disappointed
    - Depressed: Inferior, Empty
    - Guilty: Remorseful, Ashamed
    - Despair: Grief, Powerless
    - Vulnerable: Victimized, Fragile
    - Lonely: Isolated, Abandoned
  - Happy:
    - Optimistic: Hopeful, Inspired
    - Trusting: Sensitive, Intimate
    - Peaceful: Thankful, Loving
    - Powerful: Creative, Courageous
    - Accepted: Valued, Respected
    - Proud: Confident, Successful
    - Interested: Inquisitive, Curious
    - Content: Joyful, Free
    - Playful: Cheeky, Aroused]_

Image by Geoffrey Roberts

## Back to Robin *(slide 4)*

*5 min - Class*

> **Teacher note:**
> As students watch the video, suggest they take notes on a piece of paper or a post-it note to keep track of the emotions they notice and what makes them say so.
> The video will again automatically begin at 1:06 and stop at 2:37.
> 
> *Note: As of 8/21/2024, this YouTube video clip has no ads. Please verify before showing to your class.

Let’s watch the video* again. Remember to observe Robin carefully.

As a class, discuss:
- What emotions from the wheel could we give Robin to use in her conversation with Steve?

_[Figure: Video still of Steve and Robin from Stranger Things sitting on a bathroom floor, with logos ""NETFLIX"", ""CLIP"", and ""STRANGER THINGS"".]_

## Naming specific feelings can be hard, but figuring it out can be a big boost to our wellbeing *(slide 5)*

*5 min - Solo, Pairs*

> **Teacher note:**
> - https://www.tandfonline.com/doi/full/10.2147/PRBM.S383296
> - https://psycnet.apa.org/buy/2019-74947-001
> - https://www.sciencedirect.com/science/article/abs/pii/S1053482223000189

Research meta-analyses have found that the ability to understand our emotions helps with:

- Overcoming personal challenges and managing conflict¹
- Improving academic performance²
- Career satisfaction and higher salaries ³

Dig deeper– why do you think this is the case?  
Write down your thoughts and share with a partner

## Apply: Check in with the Feelings Wheel *(slide 6)*

*3 min - Solo*

> **Teacher note:**
> This is a good spot for the teacher to be transparent and reference a moment that might have sparked the need for the wheel.
> 
> For example, is there an upcoming test? Something stressful in the news? Use the wheel to get a pulse on the class and decide what you all want to do about those feelings.
> 
> What’s next: Consider incorporating or extending the use of the wheel into the routine of your classroom. For example, post the wheel and regularly check-in with your students, invite them to add additional emotions to the wheel or to ask you how you are feeling.

1. **What are you feeling?**
2. **How do you know?**  
   What are the signs? Think back to Robin. How did you know what she was feeling?
3. **What next?**  
   Sometimes it’s just helpful to notice our emotions and feel them; other times we want to talk through them with others or act on them/make decisions. You decide.

_[Figure: The Feelings Wheel by Geoffrey Roberts, showing emotions arranged in concentric rings moving outward from core feelings to more specific emotions:
- Center ring (core emotions):
  - Surprised
  - Bad
  - Fearful
  - Angry
  - Disgusted
  - Sad
  - Happy
- Middle and outer rings:
  - Surprised:
    - Startled: Shocked, Dismayed
    - Confused: Disillusioned, Perplexed
    - Amazed: Astonished, Awe
    - Excited: Eager, Energetic
  - Bad:
    - Tired: Unfocused, Sleepy
    - Stressed: Out of control, Overwhelmed
    - Busy: Rushed, Pressured
    - Bored: Apathetic, Indifferent
  - Fearful:
    - Scared: Helpless, Frightened
    - Anxious: Concerned, Worried
    - Insecure: Inadequate, Inferior
    - Weak: Worthless, Insignificant
    - Rejected: Excluded, Persecuted
    - Threatened: Nervous, Exposed
  - Angry:
    - Let down: Betrayed, Resentful
    - Humiliated: Disrespected, Ridiculed
    - Bitter: Indignant, Violated
    - Mad: Furious, Jealous
    - Aggressive: Provoked, Hostile
    - Frustrated: Infuriated, Annoyed
    - Distant: Withdrawn, Numb
    - Critical: Skeptical, Dismissive
  - Disgusted:
    - Disapproving: Judgmental, Condemned
    - Uncomfortable: Appalled, Revolted
    - Awful: Nauseated, Detestable
    - Repelled: Horrified, Hesitant
  - Sad:
    - Hurt: Embarrassed, Disappointed
    - Depressed: Inferior, Empty
    - Guilty: Remorseful, Ashamed
    - Despair: Grief, Powerless
    - Vulnerable: Victimized, Fragile
    - Lonely: Isolated, Abandoned
  - Happy:
    - Optimistic: Hopeful, Inspired
    - Trusting: Sensitive, Intimate
    - Peaceful: Thankful, Loving
    - Powerful: Creative, Courageous
    - Accepted: Valued, Respected
    - Proud: Confident, Successful
    - Interested: Inquisitive, Curious
    - Content: Joyful, Free
    - Playful: Cheeky, Aroused]_

## Credits

- Feelings Wheel image by Geoffrey Roberts"
history_mythbusters,History Mythbusters,FK.SS.4.c,17844ce4-54d4-45a9-9c84-ab72b8be797f,History and culture,FK.SS.4,Cultures,FK,Students learn to develop their intuition for recognizing oversimplified narratives and knowing when to question the past.,during any class or subject (even science!) where students might encounter oversimplified narratives about the past or even the present (e.g. media literacy).,use the Mythbusters’ Guide to identify common myth traps in historical narratives and formulate the questions they can research to ‘bust’ them.,Myth Trap Handouts Optional: Speakers,Replace the example on Slide 6 with one from your subject and current unit of study.,30 min,Pair,"whole class, pairs, then solo",,https://xq-learning-xq-engineering.vercel.app/activities/history_mythbusters,https://docs.google.com/presentation/d/1fUhETWTRMFCU-wFz85UUD9EozNaEioin-wMv4uCXuRs/copy,CC BY 4.0,© 2026 XQ Institute. Licensed under CC BY 4.0. https://creativecommons.org/licenses/by/4.0/ This activity was inspired by the History Co:Lab routine used in the Mapping or Visibility Learning Experience.,,"## Before you start *(slide 1)*

> **Teacher note:** Exemplar: Who's on the Other End?

## Is that the Whole Story? *(slide 2)*

*5 min - Class*

> **Teacher note:** Use the slide to introduce the idea that students will come across a lot of bad history- that oversimplifies or omits information about the story. The purpose of this lesson is to build the skills needed to spot common ‘myth traps’ and ask better questions to gain a more nuanced understanding of the past.
> 
> As an extension, ask why the friend might have posted the caption. For example, the post might reflect what they remembered most, or they are doing what most people tend to do: only post the life highlights to socials). Revisit later in the lesson to consider the origins of bad historical narratives.

Read the scenario on the right and discuss as a class:
- Does this post tell the whole story of the weekend? What’s suspicious?
- What might be missing, and why do you think it was left out?
- Is history similar? What kinds of information might also be missing or oversimplified?

_[Figure: A scenario card presenting a social media post example.]_

> Imagine: a friend posts photos from an amazing weekend trip—sunny beaches, fancy meals, and fun group shots. The captions say, ‘Best weekend ever with the best people!’
> 
> It looks like everything was perfect, but you remember they mentioned a fight with a friend before the trip and that the weather was supposed to be bad.

## Myth Traps *(slide 3)*

*5 min - Class*

> **Teacher note:** Remind students that the purpose of this exercise isn’t to memorize a list of vocabulary words or historical fallacies, it’s to develop a good gut instinct for spotting bad historical narratives and knowing when to ask questions!

With enough practice, we can develop good instincts for suspicious narratives, even if we don’t know the facts (yet!)

We can use the guide on the right to look for myth traps when we hear a story about the past.

Discuss:
- Can you think of examples where you have seen these myth traps before?

| Myth Trap | Look For | Example |
| --- | --- | --- |
| Just One Side (Single Perspective) | Telling history from only one side. Leaves out other points of view, usually focusing on the “winning” or most powerful group. | “The Roman Empire brought order and civilization to all its territories.” |
| Broad Brush (Essentialism) | Suggesting that everyone who belongs to a group is essentially the same or shares a single quality.<br><br>Grouping different people or groups together, ignoring what makes them different. | “The Vikings were a fierce and blood-thirsty people.” |
| Along for the Ride (Lacking Agency) | Showing people as just “receiving” actions without making choices. Shows groups as “acted upon” instead of active participants. | “In ancient Egypt, people saw the pharaohs as gods, accepting their rule without question.” |
| Dramatic Much? (Romanticization) | Making people or events seem too storybook or dramatic. Presents historical people or events as “heroes”, ""villains"" , ""noble"" or “mysterious” only. | “The Knights Templar were shrouded in mystery, secret rituals, and hidden treasures, guarding ancient secrets lost to time.” |

## Mythbusters *(slide 4)*

*5 min - Pair*

> **Teacher note:** Answers for this activity can be found on [Slide 8](#mythbusters-slide-8).
> 
> Instead of reading, try a more difficult task: listening for myth traps by listening to [this FAKE podcast](https://drive.google.com/file/d/1CysJM3T-ieQxSf0o4WEG3y5JyVedW-yG/view?usp=sharing) created with Notebook LLM of two people discussing the conspiracy theory.

Let’s start with an easy myth.

Read through the fake social media post on the right.

Work together to find a quote that you think is an example of one of these myth traps:
- Just One Side
- Broad Brush
- Along for the Ride
- Dramatic Much?

_[Figure: A mock social media post by user @ancientandy with an avatar showing a pyramid and a flying saucer, along with reply, repost, like, and share icons below.]_

**@ancientandy**

The pyramids are one of history’s coolest mysteries! From our perspective, we just don’t understand how ancient people could have built something so advanced without modern tools. The perfectly cut stones, the weight of each block, and the alignment with the stars all seem like tech way beyond what they had back then!

I don’t think they could have done it without the help of aliens. Similar pyramid buildings can be found in Egypt, Central America and other parts of the world. A powerful civilization must have visited Earth long ago and inspired these amazing cultures. It’s the only explanation that makes sense!

## Mythbusters *(slide 5)*

*5 min - Class*

> **Teacher note:** Example Questions
> - Who might have actually been involved in planning and building the pyramids, and what do we know about why and how they did it?
> - What different groups—like architects, laborers, or artisans—would have contributed to pyramid construction, and what would their experience have been like?
> - How did the people of ancient Egypt make choices or solve problems to achieve such precise construction without modern tools?
> - What practical challenges, like transporting heavy stones or aligning structures, did builders face, and how did they manage to overcome them?

Once you spot a trap, check the guide for the relevant Mythbuster response.

Then use the Ask Instead questions to dig deeper and uncover the more complex story.

Let’s return to the pyramids:
1. Use the Ask Instead column to create four specific research questions about the pyramids.
2. Share your questions in a small group or with the class.

| Myth Trap | Mythbuster | Ask Instead |
| --- | --- | --- |
| Just One Side (Single Perspective) | MULTIPLE PERSPECTIVES<br>Looks at different points of view from people involved in the same event. | Who else was involved, and what were their perspectives? |
| Broad Brush (Essentialism) | PARTICULARISM<br>Identifies unique details, avoids oversimplifying and recognizes a group’s distinct context. | Who are the specific groups or individuals involved, and how were their experiences different? |
| Along for the Ride (Lacking Agency) | AGENCY<br>Highlights how people or groups shaped events through their choices and actions. | How did the people involved shape or influence the event with their choices and actions? |
| Dramatic Much? (Romanticization) | COMPLEXITY<br>Explores the real challenges, conflicts, and nuances of the event or person. | What were the real challenges or conflicts these people faced, and how did they deal with them? |

## Apply *(slide 6)*

*10 min - Solo, Apply*

> **Teacher note:** Myth Traps in This Excerpt
> - Bound to Happen: The text suggests that Rome’s collapse was “destined” and “unavoidable,” as if there were no other possible outcomes.
> - Just One Side & Broad Brush: The narrative is from a Roman-centered view, implying the “barbarians” were a simple threat rather than complex groups with their own perspectives.
> - Stuck in Time: Describes the “barbarians” as “less advanced” and lacking the civilization of Rome.
> - What a Great Guy: Implies that Rome’s fall happened because of the failure of “strong leaders,” overlooking the role of regular citizens and broader social issues.

Let’s look at our current unit: Can you spot any myth traps in the excerpt on the right?

As you conduct research for this unit, collect any traps you find and the answers you discover.

Remember, not every story or myth will have all the myth traps! But one trap is a good sign to dig deeper.

You can check the appendix for more myth traps.

_[Figure: An excerpt card labeled ""@teacher replace with your own example"".]_

**The Fall of Rome**

Rome’s decline was destined as it grew too large to govern, and the inevitable collapse came as corruption spread and citizens lost their sense of Roman identity. The empire’s leaders, more focused on luxury and power than on serving the people, let the government decay.

At the same time, the Romans faced constant attacks from barbarian tribes who were eager to overthrow the civilized Roman way of life. These ‘barbarians,’ less advanced than the Romans, ultimately overwhelmed the empire with sheer force, marking the end of an era. Without strong leaders or true Romans to defend it, Rome’s fall was simply unavoidable.

## Extras *(slide 7)*

> **Teacher note:** Exemplar: Who's on the Other End?

## Mythbusters *(slide 8)*

*Answer Key for Slide 4*

> **Teacher note:** Myth Traps in This Excerpt
> - Just One Side: The text relies on only one (modern) perspective to argue that because ‘we’ can’t understand how Egyptians did it, they couldn’t.
> - Broad Brush: The author suggests that all pyramid-building civilizations are alike, and that this is evidence for a common influence.
> - Along for the Ride: The text states that Egyptians weren’t able to do this on their own.
> - Dramatic Much: The narrative relies on the ‘mystery’ of the pyramids to influence the reader
> 
> Consider the additional Myth Traps on Slide 10 to see if you can find others! For example, Stuck in Time, and It’s All So Simple.

Let’s start with an easy myth.

Read through the fake social media post on the right.

Work together to find a quote that you think is an example of one of these myth traps:
- Just One Side
- Broad Brush
- Along for the Ride
- Dramatic Much?

_[Figure: The mock social media post from @ancientandy with color-coded highlights identifying each myth trap:
- Dramatic Much (green): ""The pyramids are one of history’s coolest mysteries!""
- Broad Brush (purple): ""From our perspective, we just don’t understand how ancient people could have built something so advanced without modern tools.The perfectly cut stones, the weight of each block, and the alignment with the stars all seem like tech way beyond what they had back then!""
- Along for the Ride (yellow): ""I don’t think they could have done it without the help of aliens.""
- Just One Side (blue): ""Similar pyramid buildings can be found in Egypt, Central America and other parts of the world. A powerful civilization must have visited Earth long ago and inspired these amazing cultures. It’s the only explanation that makes sense!""]_

**@ancientandy**

The pyramids are one of history’s coolest mysteries! From our perspective, we just don’t understand how ancient people could have built something so advanced without modern tools.The perfectly cut stones, the weight of each block, and the alignment with the stars all seem like tech way beyond what they had back then!

I don’t think they could have done it without the help of aliens. Similar pyramid buildings can be found in Egypt, Central America and other parts of the world. A powerful civilization must have visited Earth long ago and inspired these amazing cultures. It’s the only explanation that makes sense!

## Myth Traps Guide *(slide 9)*

> **Teacher note:** This slide and the next have a more complete list of Myth Traps and Mythbusters.
> 
> Share them with your students or come up with your own that are specific to your subject area!

| Myth Trap | Look For | Example | Mythbuster | Ask Instead |
| --- | --- | --- | --- | --- |
| Just One Side (Single Perspective) | Telling history from only one side. Leaves out other points of view, usually focusing on the “winning” or most powerful group. | “The Roman Empire brought order and civilization to all its territories.” | MULTIPLE PERSPECTIVES<br>Looks at different points of view from people involved in the same event. | Who else was involved, and what were their perspectives? |
| Broad Brush (Essentialism) | Suggesting that everyone who belongs to a group is essentially the same or shares a single quality.<br><br>Grouping different people or groups together, ignoring what makes them different. | “The Vikings were a fierce and blood-thirsty people.” | SPECIFICS<br>Identifies unique details, avoids oversimplifying and recognizes a group’s distinct context. | Who are the specific groups or individuals involved, and how were their experiences different? |
| Along for the Ride (Lacking Agency) | Showing people as just “receiving” actions without making choices. Shows groups as “acted upon” instead of active participants. | “In ancient Egypt, people saw the pharaohs as gods, accepting their rule without question.” | AGENCY<br>Highlights how people or groups shaped events through their choices and actions. | How did the people involved shape or influence the event with their choices and actions? |
| Dramatic Much? (Romanticization) | Making people or events seem too storybook or dramatic. Presents historical people or events as “heroes”, ""villains"" , ""noble"" or “mysterious” only. | “The Knights Templar were shrouded in mystery, secret rituals, and hidden treasures, guarding ancient secrets lost to time.” | COMPLEXITY<br>Explores the real challenges, conflicts, and nuances of the event or person. | What were the real challenges or conflicts these people faced, and how did they deal with them? |

## Additional Myth Traps *(slide 10)*

| Myth Trap | Look For | Example | Mythbuster | Ask Instead |
| --- | --- | --- | --- | --- |
| Bound to Happen (Historical Determinism) | Making outcomes seem destined, ignoring chance or different possible paths. | “The Industrial Revolution was an inevitable step toward modern society.” | ALTERNATIVES:<br>Explores different possible paths or outcomes. | What other paths or possibilities existed, and how might things have turned out differently? |
| Stuck in Time (Primitivism) | Labeling groups as “backward”, “unchanging”, or “primitive,” ignoring their achievements. | “Native American societies remained unchanged for thousands of years until Europeans arrived.” | ACHIEVEMENT<br>Highlights inventions, knowledge, and contributions. | What inventions, technology, or knowledge did these people or groups create? How did they change over time? |
| What a Great Guy (Great Man Theory) | Focusing only on famous leaders or heroes, ignoring the roles of ordinary people in shaping history. | “Napoleon single-handedly reshaped Europe by his genius and military skill.” | EVERYDAY PEOPLE<br>Recognizes the impact of regular people. | What roles did regular people play in shaping what happened? |
| It’s All So Simple (Single Cause) | Simplistic explanations that reduce complex events or problems to a single cause, ignoring multiple interrelated factors. | “The American Revolution happened because colonists were angry about taxes.” | CONTINGENCY<br>Considers how multiple causes and events interact to shape outcomes, acknowledging complexity rather than a single explanation. | What combination of factors led to this event? How did different causes reinforce or conflict with each other? |

## Not just for history! Try: Biology *(slide 11)*

*10 min - Solo, Apply*

> **Teacher note:** Students often walk away from science lessons believing that discoveries are the result of lone geniuses having 'eureka' moments. This narrative oversimplifies how scientific knowledge develops, erasing the contributions of other scientists and everyday people. In Darwin’s case, [Alfred Russel Wallace](https://www.npr.org/2013/04/30/177781424/he-helped-discover-evolution-and-then-became-extinct) independently conceived of natural selection and corresponded with Darwin, prompting Darwin to publish his work. Understanding this complexity can help students see science as a collaborative process shaped by competition, cooperation, and shared inquiry over time.

Let’s look at our current unit: Can you spot any myth traps in the excerpt on the right?

As you conduct research for this unit, collect any traps you find and the answers you discover.

Remember, not every story or myth will have all the myth traps! But one trap is a good sign to dig deeper.

You can check the appendix for more myth traps.

_[Figure: An excerpt card labeled ""Not just for history! Try: Biology"".]_

**Charles Darwin**

Charles Darwin’s groundbreaking theory of evolution by natural selection was the result of his unique brilliance and tireless research. During his famous voyage aboard the HMS Beagle, Darwin’s observations in the Galápagos Islands inspired him to uncover the process by which species change over time. His discoveries reshaped science and earned him lasting fame as the father of evolutionary biology.

Darwin’s remarkable insights came from years of deep thinking and personal study, making him the singular figure responsible for explaining the origins of life as we understand it today.

## Credits

This activity was inspired by the History Co:Lab routine used in the Mapping or Visibility Learning Experience."
image_impact,Image Impact,FL.ID.2.c,5cec448a-2682-4515-87d1-d7b0718ae2a8,Deploying communication media,FL.ID.2,Persuasive Communication,FL,Students learn to use images to shape the impact of their message.,"Before students will be creating presentations, designing posters, crafting social media posts, or building any other communication.","Analyze examples of compelling images, then choose their own images to make a specific impact.",None,Prepare an example for Slide 5 and have an assignment ready for the application on Slide 6.,15-25 min,Pair,"group, then pairs, then whole class, then solo, then group",,https://xq-learning-xq-engineering.vercel.app/activities/image_impact,https://docs.google.com/presentation/d/1oqSrtLCnHLT0jzPcmEMMT6krVd0dD4xLlWEpRrCdMpw/copy,CC BY 4.0,© 2026 XQ Institute. Licensed under CC BY 4.0. https://creativecommons.org/licenses/by/4.0/,,"## What does this dish soap ad make you feel? *(slide 2)*

*2 min - Group*

> **Teacher note:** Kick off the activity by exploring how this image creates an emotional reaction that aims to sell the product.
>
> Ask: “How would this ad's impact change if the advertiser used a different photo? A bottle of dish soap? A photo of someone washing their dishes?”

What does this dish soap ad make you feel?

_[Figure: An advertisement depicting an overhead view of dirty dishwater in a bowl filled with floating grime, bacteria, and bug-like pests amidst dish soap suds. In the bottom right corner, text reads ""Wash away the worry"" next to an emblem of a shield with soap suds and a droplet.]_

## Example *(slide 3)*

*2 min - Group*

> **Teacher note:** Use this slide and the next to help students explore how images shape messages. They'll see how changing a picture can change a message!

**1**

Look at the text and image. What do you think the message is?

_[Figure: The painting ""Napoleon Crossing the Alps"" by Jacques-Louis David, depicting Napoleon in a billowing red cloak riding a rearing horse.]_

“The powerful shape history”

**2**

But if we change the image…

_[Figure: A blank gray placeholder box.]_

“The powerful shape history”

## Example *(slide 4)*

*2 min - Group*

**1**

Look at the text and image. What do you think the message is?

_[Figure: The painting ""Napoleon Crossing the Alps"" by Jacques-Louis David, depicting Napoleon in a billowing red cloak riding a rearing horse.]_

“The powerful shape history”

**2**

How does the new image change the meaning of the message?

_[Figure: A photograph of a crowded youth climate protest on a city street, with protesters holding signs that read ""YOUTH VS APOCALYPSE"", ""WE DEMAND A JUST TRANSITION"", ""WE DEMAND HUMANS PROTECT RIGHTS OF NATURE"", and ""STOP DENYING THE EARTH IS DYING THERE IS NO PLANET B"".]_

“The powerful shape history”

## Your turn *(slide 5)*

*10 min - Pair -> Class*

> **Teacher note:** Before class, choose a text and image pair that work together to communicate a message. The text should be open ended, so that the meaning can change when students change the image.

Be ready to share your image and explain your choice to the class

**1**

Look at the text and image. What do you think the message is?

_[Figure: A placeholder box with the text ""Teacher image here"".]_

[Teacher to insert text]

**2**

Find a new image that changes the meaning of the message.

_[Figure: A placeholder box with the text ""Student image here"".]_

[Teacher to insert text]

## Apply *(slide 6)*

*10 min - Solo -> Group*

> **Teacher note:** Try group feedback sessions or other formats to ensure all students have the chance to share their choices.
>
> End by encouraging students to always ask why they are choosing an image to make a specific impact.

1. Choose an image that supports a key idea in a current assignment:
2. Why did you choose this image?
   - I chose this image because…
   - (Remember to think about how the image supports or enhances your message.)
3. Be ready to share your image with the class!

_[Figure: A placeholder box with the text ""Insert the image here"".]_"
kudos_bingo,Kudos Bingo,GC.IS.4.a,416fed97-ea22-490d-81e7-0c7f6df0ea7f,Valuing others,GC.IS.4,Productive Collaboration,GC,"Students learn to recognize and appreciate others’ efforts and use positive feedback to build a kind, collaborative environment.","During or after a team project, when students can practice celebrating one another&#8217;s efforts and achievements.",Play a form of bingo in which they practice giving and receiving compliments on each other’s contributions to the team.,Bingo Cards,"Print Bingo Cards, one per student. This activity works best if students are aware of the kudos contribution grid boxes early in the project so they can collect examples.",15-25 min,Small Group,"teams, then whole class",,https://xq-learning-xq-engineering.vercel.app/activities/kudos_bingo,https://docs.google.com/presentation/d/12vFqC4ZvnHU1SS8dy8U7TjUqiYnay1wLA75f1okrGvY/copy,CC BY 4.0,© 2026 XQ Institute. Licensed under CC BY 4.0. https://creativecommons.org/licenses/by/4.0/,,"## Kudos Bingo *(slide 2)*

*3 min - Class*

> **Teacher note:**
> [Download bingo cards here](https://drive.google.com/file/d/10N-Sc10LNH3tmLFRY36yGbhCyIpC24-S/view?usp=sharing)
> Once students understand this slide, click to the the next slide to start the game.
> 
> Bingo link above. Full list below:
> - Shared a Resource: Found and shared helpful information or tools with the team.
> - Gave Good Feedback: Offered helpful suggestions to make our work better.
> - Had a Creative Idea: Came up with new and exciting ideas for our project.
> - Solved a Conflict: Helped settle disagreements and kept our team working well together.
> - Boosted Morale: Kept spirits high and encouraged everyone to do their best.
> - Kept Us Organized: Made sure all our stuff, like notes and files, was easy to find and everything was ready when we needed it.
> - Asked a Great Question: Helped us think deeper about our project by asking insightful questions.
> - Managed our Time: Helped us make a plan for what to do and when, so we could get everything done without rushing at the last minute.

1. **Setup:** Sit together in your teams with a Kudos Bingo card.
2. **Game play:** As the teacher calls out contributions, ‘X’ the square only if someone in your team can share an example of when a teammate made that contribution. (No self-kudos & only one example per square!)
3. **Winning:** A team that lines up three kudos in any direction shouts ‘KUDOS!' and shares the specific examples with the class.

Remember! The game is not a race. You will have plenty of time to think of specific examples.

_[Figure: Kudos Bingo card with a 3x3 grid:
- Solved a Conflict | Managed Our Time | Gave Good Feedback
- Asked Great Questions | Free Kudos! | Shared a Resource
- Boosted Morale | Had a Creative Idea | Kept Us Organized]_

(Use the Free Kudos square to share a kudos not included on your card.)

## While we play *(slide 3)*

*10 min - Class*

> **Teacher note:**
> Display this slide while students play.
> As you facilitate the game, remember to give teams plenty of time after they call out a contribution to recall a specific example. That’s the real value of the activity.

- **Explain the impact:** Describe exactly what the person did and why it mattered to you or the team.
- **Remember sincerity:** Let your team members know you really mean it!
- **Focus on the effort:** Acknowledge the work they put into the contribution, not just the outcome.

**Examples:**
- **Vague:** ”Good job on the images.”
- **Specific and meaningful:** “The images you chose really helped us illustrate our ideas in a way that we couldn’t accomplish with just words.”

## Building a Kudos Culture *(slide 4)*

*5 min - Class*

> **Teacher note:**
> Hold a brief class discussion on the benefits of giving and receiving kudos.
> End with concrete actions the class could take to create a Kudos Culture in the classroom (eg, set a goal of everyone giving at least one kudos per week, or playing kudos bingo weekly).
> Tell students you will check in with them next week to see how the kudos giving goes.
> Remind teams to look for possible kudos throughout the project. That way they can have examples ready next time they give kudos.

Apply

### Discuss
_[Figure: Illustration of two overlapping speech bubbles]_

How did you feel when you gave or got kudos?

### Brainstorm
_[Figure: Illustration of a brain wearing purple eyeglasses]_

How can we use kudos in class or on team projects?

### Commit
_[Figure: Illustration of multiple hands placing pieces onto a circular target]_

Choose a method to try this week."
making_an_impact,Making an Impact,FL.ID.2.b,fa1d0881-1268-45bc-8702-b8212ce13a4d,Crafting narrative,FL.ID.2,Persuasive Communication,FL,Students learn how to design their communications to achieve targeted impacts on specific audiences.,Before students revise any type of communication.,Explore how communicators use words and pictures to make specific impacts and practice making similar moves in their own writing to shape what their audience thinks and feels.,None,Decide if you want to use your own example for Slide 5. Identify the assignment from which you’ll want students to choose a passage to rework with a partner (see slide 8).,10-20 min,Pair,"pairs, whole class, solo, then pairs",,https://xq-learning-xq-engineering.vercel.app/activities/making_an_impact,https://docs.google.com/presentation/d/1c9F3_V7S_CHzCGBVH1rk1qk7iy2Est1JTSHaO68_IWk/copy,CC BY 4.0,© 2026 XQ Institute. Licensed under CC BY 4.0. https://creativecommons.org/licenses/by/4.0/,,"## Which Ad Does a Better Job? *(slide 2)*

*Pair | 5 min*

Back in 1963, nobody had ever seen anything like Volkswagen’s now-famous van. And it was up to the company’s advertising team to convince people to take a second look.

Which ad does a better job?

**Turn to your neighbor and explain your choice.**

_[Figure: Two vintage Volkswagen magazine advertisements side-by-side. The left ad shows a brown VW bus with luggage piled on its roof rack, headlined ""That's about the size of it."" The right ad shows a red and white VW bus with a sailboat sticking up through its open sunroof, headlined ""It carries a boatload.""]_

## What Else Does It Want Us to Feel? *(slide 3)*

*Pair | 5 min*

On the surface, this ad is trying to make us believe that VW’s new “station wagon” can carry a lot of cargo.

But what else does it want us to feel about this car?

And why did the ad’s creator choose this image to get us feeling that way?

**Discuss with your neighbor.**

_[Figure: The Volkswagen print advertisement featuring a red and white bus carrying a sailboat through its sunroof, headlined ""It carries a boatload.""]_

## Impact and Design *(slide 4)*

*Pair | 1 min*

Whether we’re creating an ad or writing an essay or sending a text, we’re always trying to make an impact on the person receiving it. Every communication is pointed at an audience.

1. **Impact:** what you want them to think & feel
2. **Design:** how you craft your message to make that impact happen

_[Figure: A diagram illustrating communication. On the bottom left, a person holds a smartphone with an orange dashed arrow traveling through a central circle showing a phone screen, pointing toward a person on the top right reading a message. Label 1 (""Impact: what you want them to think & feel"") is positioned beside the recipient. Label 2 (""Design: how you craft your message to make that impact happen"") is positioned beside the sender.]_

## Impact *(slide 5)*

> **Teacher note:**
> Use this op-ed excerpt or replace it with an example from your current unit.
> On the next slide, you’ll explore how the writer created this impact

*Class | 3 min*

**What is this writer trying to make us think and feel?**

> In 2022, the release of ChatGPT surprised many schools, requiring teachers and students navigate a quickly changing new environment. A lot of people were shocked.
>
> ""Last November, when ChatGPT was released, many schools felt as if they’d been hit by an asteroid.
>
> In the middle of an academic year, with no warning, teachers were forced to confront the new, alien-seeming technology, which allowed students to write college-level essays, solve challenging problem sets and ace standardized tests.""
>
> Kevin Roose, “How Schools Can Survive (and Maybe Even Thrive) With A.I. This Fall”  
> *New York Times*, 2023

## Design *(slide 6)*

> **Teacher note:**
> Here’s one example of how the writer creates a specific impact.
> On the next slide, students will do the same kind of analysis on another part of Roose’s essay.

*Class | 3 min*

**Here’s one move the writer makes to shape how we think and feel.**

_[Figure: The sentence ""Last November, when ChatGPT was released, many schools felt as if they’d been hit by an asteroid."" has the phrase ""hit by an asteroid."" circled in orange. Below it, a handwritten note reads: ""Roose gets us thinking about asteroids to make us feel like ChatGPT had a crazy impact on schools.""]_

## Finding Other Moves *(slide 7)*

> **Teacher note:**
> Ask 2-3 students to share the moves they called out in their diagrams.

*Solo | 5 min*

What other moves can you find in the rest of Roose’s paragraph?

**Diagram it like the sentence on the last slide.**

> “In the middle of an academic year, with no warning, teachers were forced to confront the new, alien-seeming technology, which allowed students to write college-level essays, solve challenging problem sets and ace standardized tests.”
>
> Kevin Roose, “How Schools Can Survive (and Maybe Even Thrive) With A.I. This Fall”  
> *New York Times*, 2023

## Next Step: Edit for Impact *(slide 8)*

*Pair | 5 min*

- Insert a passage you want help revising.
- Trade with your partner.
- Mark two places on your partner’s passage, and call out changes that would make the impact stronger.

_[Figure: An empty workspace box alongside the revision steps for inserting and annotating a passage.]_

## Bonus Reflection Slide! *(slide 9)*

> **Teacher note:**
> Marvell’s poem is more than 500 years old, yet students often find it quite thrilling once they figure out what’s going on. Please note that it describes a speaker’s attempts to seduce his “mistress,“ and involves some dense language that will take some time for students to unpack. Skip this slide unless you want to spend some time helping your students make sense of it.

*Pair | 10 min*

### To His Coy Mistress
Andrew Marvell (1681) - [listen](https://www.poetryfoundation.org/play/77057)

Had we but world enough and time,  
This coyness, lady, were no crime.  
We would sit down, and think which way  
To walk, and pass our long love’s day.  
Thou by the Indian Ganges’ side  
Shouldst rubies find; I by the tide  
Of Humber would complain. I would  
Love you ten years before the flood,  
And you should, if you please, refuse  
Till the conversion of the Jews.  
My vegetable love should grow  
Vaster than empires and more slow;  
An hundred years should go to praise  
Thine eyes, and on thy forehead gaze;  
Two hundred to adore each breast,  
But thirty thousand to the rest;  
An age at least to every part,  
And the last age should show your heart.  
For, lady, you deserve this state,  
Nor would I love at lower rate.

But at my back I always hear  
Time’s wingèd chariot hurrying near;  
And yonder all before us lie  
Deserts of vast eternity.  
Thy beauty shall no more be found;  
Nor, in thy marble vault, shall sound  
My echoing song; then worms shall try  
That long-preserved virginity,  
And your quaint honour turn to dust,  
And into ashes all my lust;  
The grave’s a fine and private place,  
But none, I think, do there embrace.

Now therefore, while the youthful hue  
Sits on thy skin like morning dew,  
And while thy willing soul transpires  
At every pore with instant fires,  
Now let us sport us while we may,  
And now, like amorous birds of prey,  
Rather at once our time devour  
Than languish in his slow-chapped power.  
Let us roll all our strength and all  
Our sweetness up into one ball,  
And tear our pleasures with rough strife  
Through the iron gates of life:  
Thus, though we cannot make our sun  
Stand still, yet we will make him run.

_[Figure: Diagram echoing the communication model from slide 4, showing a silhouette of a speaker directing an orange dashed arrow through a circle containing lines of the poem toward a silhouette of a listener.]_

This is one of the most famous love poems ever written.

How is the speaker of the poem trying to change the mind of “his coy mistress”? What are his 3 most effective moves?"
making_sense_of_all_that_data,Making Sense of All That Data,OT.Crit.2.e,d86244bf-c16c-48d2-ba05-28f748d629ab,Recognizing patterns,OT.Crit.2,Logical Thinking,OT,Students learn to use the affinity mapping technique to discern patterns in quantitative and qualitative data.,"Anytime students need to make sense of many data points, whether qualitative (e.g., moments in a novel or events in a historical period) or quantitative (e.g., meteorological data or population demographics).","Generate data points, organize them into thematic clusters, and identify the ideas they’re most interested in pursuing further.","Sticky notes (different sizes), Dots for voting",Access to board space and/or long tables. Teams of 4-5.,10-15 min,Small Group,groups of 4-5,,https://xq-learning-xq-engineering.vercel.app/activities/making_sense_of_all_that_data,https://docs.google.com/presentation/d/149cYr-QjdvRZbRpo4AmxOw5q3hsep6i44VyvnTgQybs/copy,CC BY 4.0,© 2026 XQ Institute. Licensed under CC BY 4.0. https://creativecommons.org/licenses/by/4.0/,,"## What would make your school community better? *(slide 2)*

*5 min - Group*

_[Figure: Two photos side by side: high school students sitting in classroom chairs facing a presentation, and a person's hand writing notes with a black pen on pink sticky notes posted on a wall.]_

What would make your school community better?

As a team, list each idea individually on a sticky note.

## Cluster and Label *(slide 3)*

*5 min - Group*

> **Teacher note:** Typically, we make sense of data inside our own heads.
> 
> Affinity mapping, a technique borrowed from human-centered design, gets us thinking outside our heads:
> - We spread out the data on a wall or a table to see it more clearly.
> - We work with other people to get their help making sense of what we see.

1. **Put notes that seem related\* into clusters.**  
   If you think of more ideas while you’re clustering, add them too.

2. **Make big labels for each of the clusters.**  
   Make labels that capture what’s special about each cluster. (It’s OK to rewrite the labels as you go—that’s a sign your ideas are getting clearer.)

\*This process is called Affinity Mapping, because it puts related things together.

_[Figure: An affinity map diagram showing three distinct circled groups of sticky notes with top label notes: ""Independent Projects"" containing 4 sticky notes, ""School Building"" containing 6 sticky notes, and ""Advising"" containing 5 sticky notes.]_

## Vote for the ideas you like best *(slide 4)*

*1 min - Group*

Vote for the ideas you like best.

- Everybody on the team gets 5 votes.
- You can spread out your votes among several ideas, or use more than one on a single idea that you really like.

_[Figure: Sticky notes scattered across a board, each marked with green voting dot stickers ranging from one to four dots per note.]_

## BONUS SLIDE! *(slide 5)*

*3 min - Group*

For the idea that got the most votes, what’s a way you could try it out by the end of the school day?

Choose something you could do that would make things at school a little bit better.

Tomorrow, bring back a picture of your experiment.

_[Figure: Examples of rapid physical prototypes: a small paper cube timer showing ""BOARDING IN 20 MINS"", and hand-drawn notebook sketches of mobile app screen wireframes next to pens.]_

## Affinity Mapping *(slide 6)*

*5 min - Group*

> **Teacher note:** Affinity mapping can help students make sense of messy data in other subjects, too. For example:
> - History: Challenge student teams to map out what they’ve learned about the period preceding WWII, and decide together on which causes of the war seemed most significant.
> - Biology: After conducting surveys on health conditions in the community, student teams identify the key trends in their data
> 
> For additional examples of data your students might explore, take a look at [Our World in Data](https://ourworldindata.org/data-insights).

Use this process whenever you need to step back and better understand what you’ve been studying.

For example, an ELA essay:

> Romeo and Juliet both fall in love, but for very different reasons. Compare the reasons each character falls—and the kinds of love each falls into.

### Step 1: Get data out where you can get a good look at it.

_[Figure: A grid of yellow sticky notes arranged neatly in rows and columns.]_

- Find quotes that give you a glimpse of what love means for Romeo or Juliet.
- Below each quote, add what you think it means.

### Step 2: Cluster into themes with labels.

_[Figure: Sticky notes grouped into three separate clusters with yellow label notes.]_

- Cluster notes.
- Add labels that headline what each cluster reveals about R and J.

### Step 3: Choose a few to focus on.

_[Figure: The clustered sticky notes with blue voting dots placed on selected clusters.]_

- What are the big ideas that run through these clusters?
- Number clusters so they’ll be easy for your readers to follow.
- Congrats. You just outlined your essay!

Tip: you can use this process on your own, but it works better in a group!

## Credits

- [https://unsplash.com/photos/people-sitting-on-chair-w1FwDvIreZU](https://unsplash.com/photos/people-sitting-on-chair-w1FwDvIreZU)
- [https://www.pexels.com/photo/person-writing-on-pink-sticky-notes-3854816/](https://www.pexels.com/photo/person-writing-on-pink-sticky-notes-3854816/)"
measuring_walkability,Measuring Walkability,FL.MST.2.c,a770d042-054f-41e2-8d04-eb724c1e3c27,Explaining models,FL.MST.2,Mathematical Modeling,FL,Students learn to identify and question the assumptions that shape mathematical models.,"When specifically introducing mathematical modeling, or the idea of models more generally.","Discuss the assumptions that shape Walk Score®, a model which evaluates a place’s walkability from 0-100, and then analyze another model in the same way.",None,Replace the screenshot on Slide 2 with your own neighborhood Walk Score. Customize Slide 6 with an example from your content area.,15 min,Pair,"pairs, then whole class",,https://xq-learning-xq-engineering.vercel.app/activities/measuring_walkability,https://docs.google.com/presentation/d/1-2b91Wof_BaFvnqDUlEgVBROv9k4yRmtOCbdU9ciszM/copy,CC BY 4.0,© 2026 XQ Institute. Licensed under CC BY 4.0. https://creativecommons.org/licenses/by/4.0/,,"## School Walk Score *(slide 2)*

*1 min · Pairs*

> **Teacher note:**
> Customize this slide
> 
> Replace this image with your own school’s or neighborhood’s Walk Score: [https://www.walkscore.com/](https://www.walkscore.com/)

Here’s our school’s Walk Score ranking, which evaluates a place’s “walkability” from 0-100.

How much do you agree or disagree with our school’s score?

Explain your reasoning to a partner.

*Example: Replace with your own Walk Score ranking.*

_[Figure: Screenshot of Walk Score webpage retrieved August 20, 2024 from [https://www.walkscore.com/score/98053](https://www.walkscore.com/score/98053):
- Location: Union Hill-Novelty Hill, Washington, 98053
- Commute to Downtown Union Hill-Novelty Hill: 8 min drive, 12 min bike, 41 min walk (View Routes)
- Walk Score: 15 / Car-Dependent (""Almost all errands require a car."")
- Bike Score: 16 / Somewhat Bikeable (""Minimal bike infrastructure."")
- Map showing local streets and a location pin.]_

## What’s behind the Walk Score ranking? *(slide 3)*

*3 min · Pairs*

1. What factors do you think go into the Walk Score ranking? Make a list.
2. Each partner, choose one factor to explain:
   - Why do you think it’s included?
   - How do you think it shapes the score?

_[Figure: Illustration of a young person in a yellow jacket with a backpack walking down a city sidewalk past storefronts and brownstone apartment buildings.]_

## Here’s how Walk Score explains its approach *(slide 4)*

*3 min · Pairs → Class*

> **Teacher note:**
> (Optional)
> 
> If you’d like to dive more into the math, challenge pairs to come up with an equation for HOW parts of the score are calculated. Note that it's a secret, so we don't know for sure!

How is Walk Score’s approach similar or different from what you expected?

What do you think it gets wrong?

_[Figure: Screenshot retrieved August 20, 2024 from [https://www.walkscore.com/methodology.shtml](https://www.walkscore.com/methodology.shtml):
- Heading: ""Walk Score""
- Score badge: ""Walk Score 87""
- Description: ""Walk Score measures the walkability of any address using a patented system. For each address, Walk Score analyzes hundreds of walking routes to nearby amenities. Points are awarded based on the distance to amenities in each category. Amenities within a 5 minute walk (.25 miles) are given maximum points. A decay function is used to give points to more distant amenities, with no points given after a 30 minute walk.""
- Additional details: ""Walk Score also measures pedestrian friendliness by analyzing population density and road metrics such as block length and intersection density. Data sources include Google, Factual, Great Schools, Open Street Map, the U.S. Census, Localeze, and places added by the Walk Score user community.""]_

## Mathematical Models *(slide 5)*

*3 min · Pairs → Class*

> **Teacher note:**
> If students struggle to come up with more models, here are some everyday examples they might be familiar with:
> - Social media algorithms, like what ends up on your “For You” page on Instagram
> - Recommendations on Netflix or other streaming services
> - Calorie calculators on fitness apps
> - Ranking systems like the Billboard 200 for music
> - Review aggregators like Rotten Tomatoes for movies
> - Sport predictors when playing Fantasy Football

Walk Score is an example of a mathematical model.

Mathematical models simplify real-world problems using numbers and equations. They are powerful tools for understanding complex situations, making predictions, and informing decisions.

However, when we simplify the world, we have to decide what to focus on and what to ignore. The models we create reflect our assumptions about what's most important.

The prominent statistician George Box often said,

“All models are wrong, but some are useful.”

_[Figure: Illustrated map showing location pins with icons for books, coffee cups, and cutlery surrounding a badge that reads ""Walk Score 87"". Source: [https://www.walkscore.com/](https://www.walkscore.com/)]_

With your partner, think of a mathematical model that people use all the time.
- What's wrong with it?
- Why do we keep using it?

## Analyze a different model *(slide 6)*

*3 min · Pairs → Class*

> **Teacher note:**
> Customize this slide to your content area. Edit the description of the model as well as the model image. Examples of models in different content areas include:
> - Social Studies: Redlining maps from the 1930s
> - English: [Boomerang’s Respondable](https://www.boomeranggmail.com/respondable/) models how “respondable” an email is
> - Computer Science: Route planning models like Google Maps
> - Science: Weather forecasts, disease simulators, physics equations

**Apply**

When you apply for a credit card, your bank will check your FICO® Credit Score to assess how risky it will be to loan you money.

1. What is one assumption that shapes this model?
2. What is one potential flaw of this model?

_[Figure: Gauge meter diagram labeled ""CREDIT SCORE"" showing a needle pointing to the ""GOOD"" rating segment. The scale is divided into five color-coded bands:
- POOR: 300–579 (green)
- FAIR: 580–669 (light green)
- GOOD: 670–739 (yellow)
- VERY GOOD: 740–799 (orange)
- EXCELLENT: 800–850 (red)]_

The score considers your payment history, amounts owed, length of credit history, new credit applications, and mix of types of credit.

Source: [https://www.myfico.com/credit-education/whats-in-your-credit-score](https://www.myfico.com/credit-education/whats-in-your-credit-score)"
mother_child,Mother & Child: 3 Ways of Looking,FK.AC.2.a,fccf6d84-eb10-490b-9fe8-acebc40923ed,Art history,FK.AC.2,Art Analysis,FK,"Students learn to notice details in a work, infer meaning from them, integrate diverse perspectives, and recognize distinctive traits of art across historical periods.","repeatedly during a course, to practice observation & inference. Early in a course, when you want to build a collaborative community.",work with their peers to investigate a set of images—while you use a simple protocol to facilitate their investigation.,Projector,Check out the Overview & Facilitation Tips Everyone in the room will be looking closely at a projected image.,20 min,Whole Class,"solo, then whole class",,https://xq-learning-xq-engineering.vercel.app/activities/mother_child,https://docs.google.com/presentation/d/10RAq835HeVBeSjgxx5k9c_4aqEGYmI1dOYZp4SCqKX8/copy,CC BY 4.0,© 2026 XQ Institute. Licensed under CC BY 4.0. https://creativecommons.org/licenses/by/4.0/,,"## Overview *(slide 2)*

<!-- REVIEW: hidden slide -->

This activity gets students unpacking pictures, on their own and as a class:

1. On their own, each student looks at a picture for 1 minute.
2. Students discuss the picture together, trying to see as many things as they can. Meanwhile, you facilitate lightly.

   As the facilitator, each time a student answers, you:
   - paraphrase what they say.
   - point to the specific part of the image they’re talking about (to help them ground their ideas in evidence that other people can see).
   - Restrain yourself from adding your own thoughts.

3. When the conversation slows down, ask: **What more can we see?**
4. You’ll be exploring a total of 3 images.
5. For facilitation tips, see slides [12-13.](#facilitation-tips-slide-12)

### Thinking Out Loud

- This approach to image analysis often gets students integrating their claims and evidence in ways they rarely do when writing.
- You may want to write down what students say during their discussion of these images—to save a model to use afterwards.

## Solo Observation: Image 1 *(slide 3)*

*1 min - solo*

Take a minute to look at this picture on your own, quietly.

_[Figure: Painting by Giovanni Baronzio, Madonna and Child with Five Angels, c. 1335, depicting the Virgin Mary enthroned with the Christ Child, surrounded by five angels against an ornate gold background.]_

Image credits, Giovanni Baronzio, Madonna and Child with Five Angels, c.1335  
Photo credits, Dan Coleman

## Group Discussion: Image 1 *(slide 4)*

*4 min - class*

> **Teacher note:**
> If you’re like most of us, you don’t think of yourself as an expert in art history. That’s perfectly ok!
>
> You don’t need to research these images, or figure out the right things to say about them. Teachers using this activity’s simple protocol have seen great results from their students—even when they have no familiarity with art or art history.
>
> Remember: your job here is not to be the Expert (who’s got all the Answers)—but the Facilitator who nudges students to see more clearly and more deeply.
>
> Each time a student answers,
> - paraphrase what they say.
> - point to the specific part of the image they’re talking about (to help them ground their ideas in evidence that other people can see).
> - restrain yourself from adding your own thoughts.
>
> For more tips on how to facilitate this collaborative image analysis, check out [slides 11-12.](#facilitation-tips-slide-12)

Working together, use these questions to unpack what you see.

1. What’s going on in this picture?
2. What do you see that makes you think that?

_[Figure: Painting by Giovanni Baronzio, Madonna and Child with Five Angels, c. 1335, depicting the Virgin Mary enthroned with the Christ Child, surrounded by five angels against an ornate gold background.]_

Image credits, Giovanni Baronzio, Madonna and Child with Five Angels, c.1335  
Photo credits, Dan Coleman

## Solo Observation: Image 2 *(slide 5)*

*1 min - solo*

Take a minute to look at this picture on your own, quietly.

_[Figure: Painting by Follower of Fra Filippo Lippi and Pesellino, Madonna and Child, c. 1470, depicting Mary in profile tenderly supporting the standing Christ Child, both with golden halos, against an intricate hedge of flowering pink and white roses.]_

Follower of Fra Filippo Lippi and Pesellino, Madonna and Child, c.1470  
Photo credits, Dan Coleman

## Group Discussion: Image 2 *(slide 6)*

*4 min - solo*

> **Teacher note:**
> Use the same routine to
> - paraphrase what they say.
> - point to the specific part of the image they’re talking about (to help them ground their ideas in evidence that other people can see).
> - restrain yourself from adding your own thoughts.

Working together, use these questions to unpack what you see.

1. What’s going on in this picture?
2. What do you see that makes you think that?

_[Figure: Painting by Follower of Fra Filippo Lippi and Pesellino, Madonna and Child, c. 1470, depicting Mary in profile tenderly supporting the standing Christ Child, both with golden halos, against an intricate hedge of flowering pink and white roses.]_

Follower of Fra Filippo Lippi and Pesellino, Madonna and Child, c.1470  
Photo credits, Dan Coleman

## Solo Observation: Image 3 *(slide 7)*

*1 min - solo*

Take a minute to look at this picture on your own, quietly.

_[Figure: Painting by Claude Monet, Woman with a Parasol-Madame Monet and Her Son, 1875, depicting a woman in a white dress holding a green parasol standing on a grassy hill with wildflowers against a windy, cloud-filled sky, with a young boy standing in the background.]_

Claude Monet, Woman with a Parasol-Madame Monet and Her Son, 1875  
Photo credits, Dan Coleman

## Group Discussion: Image 3 *(slide 8)*

*4 min - class*

> **Teacher note:**
> Use the same routine to
> - paraphrase what they say.
> - point to the specific part of the image they’re talking about (to help them ground their ideas in evidence that other people can see).
> - restrain yourself from adding your own thoughts.

Working together, use these questions to unpack what you see.

1. What’s going on in this picture?
2. What do you see that makes you think that?

_[Figure: Painting by Claude Monet, Woman with a Parasol-Madame Monet and Her Son, 1875, depicting a woman in a white dress holding a green parasol standing on a grassy hill with wildflowers against a windy, cloud-filled sky, with a young boy standing in the background.]_

Claude Monet, Woman with a Parasol-Madame Monet and Her Son, 1875  
Photo credits, Dan Coleman

## Curating an Exhibit *(slide 9)*

*5 min - class*

> **Teacher note:**
> Ask 2-3 students to share how they’d curate these pictures—and why.
>
> Please remember: you don’t need to worry about researching the images in this activity, or figuring out the right things to say about them. Just help your students work together to discover as much as they can.

Imagine that you’re curating an exhibit of these pictures.

1. How would you arrange them on the wall?
2. What title would you use to help people think about how they connect?

Drag the images to arrange in the space to the right

_[Figure: Three thumbnail images shown stacked vertically on the left: Giovanni Baronzio's ""Madonna and Child with Five Angels,"" Follower of Fra Filippo Lippi and Pesellino's ""Madonna and Child,"" and Claude Monet's ""Woman with a Parasol-Madame Monet and Her Son."" On the right is a large dashed rectangular box representing a gallery wall for arranging the images.]_

## Apply *(slide 10)*

*5 min - class*

> **Teacher note:**
> Add a relevant image from a current unit or lesson and use the routine to analyze the image.
> - paraphrase what they say.
> - point to the specific part of the image they’re talking about (to help them ground their ideas in evidence that other people can see).
> - restrain yourself from adding your own thoughts.
>
> Remember: it’s not about figuring out the right things to say about the image. Just help your students work together to discover as much as they can.

First, take a minute to look at each picture on your own, quietly.

Then, working together, use the questions to unpack what you see.

1. What’s going on in this picture?
2. What do you see that makes you think that?

_[Figure: Two dashed rectangular boxes representing placeholder spots for teacher-selected images, each containing a blue button labeled ""@teacher replace with your own image"".]_

## Facilitation Notes *(slide 11)*

## Facilitation Tips *(slide 12)*

> **Teacher note:**
> What you want your students to get out of this Activity is the experience of collaborative discovery: seeing a picture more clearly and deeply because they look at it with their classmates; discovering aspects that they didn’t notice, or saw differently, when they looked on their own.
>
> This kind of exploration can be really hard for students, because they’re probably used to thinking that school is all about getting the right answer. But in this activity, we want to open things up: to let different students notice different things about the image, and show each other the interesting things they might otherwise have missed.
>
> To help your students make this shift, focus on following their thinking (instead of guiding them toward the “right way” to think about the image.) What your students see doesn’t matter as much as how they see—and how they help each other see better.

Here’s a snapshot of what a conversation about this picture might look like.

**Teacher:** (Projects the painting.) Let’s take a minute to each look at this image on our own.

*(After a minute.)* Ok. What's going on in this image?

**Student 1:** It’s really late, and these people are in a diner, and they’ve been up all night. And the couple at the bar—maybe they’re gonna break up.

**Teacher:** Got it. So you’re looking at the scene, and thinking this is the end of a long night. And maybe these people over here are a couple that’s about to separate. What do you see that makes you say their relationship might be ending?

> *Facilitation tip:* By paraphrasing each student’s observation, you show them that what they said was important—and that you were really listening.

**Student 1:** Everything feels so empty. There are no cars or people outside. It’s just dark. There are all these seats at the counter but nobody’s at them. And it’s like they don’t want to touch….

**Teacher:** Ok. You’re pulling together evidence from the setting outside the restaurant (points to the sidewalk)—and inside (points to the seats at the counter)—and thinking it creates a feeling of isolation between the people. What more can we see?

> *Facilitation tip:* Pointing to the detail reminds students to draw their inferences out of the specific things they see, so other people can understand where their ideas are coming from.

**Student 2:** Nobody’s talking. They all look sort of...disconnected.

**Teacher:** Ok, there doesn’t seem to be any interaction between the figures. What do you see that makes you say they’re disconnected?

## Facilitation Tips (2) *(slide 13)*

**Student 2:** The man in the hat is turned away from everyone. The couple next to him are close, but they're not looking at each other. And the person behind the counter looks like they're just waiting, not really talking to anybody.

**Teacher:** Ok, you're noticing the location of these figures in the painting, and thinking it creates a kind of emotional distance. Which might echo Marco’s idea about how lonely the image feels. What more do we see?

> *Facilitation tip:* By showing students how the points they’re making connect, you help them see how they’re working together to build a deeper understanding of the image.

**Student 3:** The colors are so weird. It’s kind of like they’re on TV.

**Teacher:** So you’re shifting us from the figures in the scene to the colors, which might create this feeling like TV. What do you see that makes you say that?

> *Facilitation tip:* Use conditional language (“their relationship might be ending”) to remind students that there can be many different ways to interpret the same evidence.

**Student 3:** The windows are huge, and you can see everything inside real clearly. It's all yellow inside, but outside is just black. Those big windows make it feel like we’re watching something private. But the people are totally exposed. It's like the diner is its own little world. A fishbowl and we’re watching the fish.

**Teacher:** Love it! I hear you pointing to the contrast between the illuminated interior and the surrounding darkness, and thinking how maybe this makes it feel almost like the figures are on a TV screen.

Well, thank you everybody. You helped me see all sorts of things in the painting that I hadn’t thought about in this way before.

> *Facilitation tip:* You don’t need to wrap things up at the end. (If you did, you’d leave out some of your students’ observations.) Instead, thank them—and recognize the great observing they just did together."
moving_data,Moving Data,FL.MST.3.c,3417e79b-f5c2-41df-9685-260bf317f419,Data visualization,FL.MST.3,Interpreting Data,FL,Students learn how to use different types of data visualizations to tell a story about the relationships between data.,"When emphasizing the role of data in storytelling, or when introducing projects related to statistics or data analysis.",Form graphs by moving around the classroom and make recommendations based on the data visualizations.,None,"Students will be moving around, so consider how your classroom space can accommodate movement. Customize Slide 8 with data from your content area.",25 min,Pair,"whole class, then pairs",,https://xq-learning-xq-engineering.vercel.app/activities/moving_data,https://docs.google.com/presentation/d/1OW37rzHAWgk2kSSxkOAot20IN04Y6aOp2MWoV4eoRB0/copy,CC BY 4.0,"© 2026 XQ Institute. Licensed under CC BY 4.0. https://creativecommons.org/licenses/by/4.0/ Data sourced from OECD (2024), Time Use (https://data-explorer.oecd.org/vis?df[ds]=DisseminateFinalDMZ&df[id]=DSD_TIME_USE).",,"## Data-Driven Change *(slide 2)*

*1 min - Class*

Our school is considering changing its start time, and our principal is looking for data to inform this decision.

We’re going to collect and visualize data as a class to help our principal decide whether to change the start time or keep it as is.

Everyone, get ready to move!

_[Figure: An alarm clock resting on a stack of books in front of a chalkboard with math equations.]_

## Graph #1: Pie Chart *(slide 3)*

*3 min - Class*

> **Teacher note:** Give students 1 minute to form this circle by talking with each other and moving. Optional: For an easier transition, first ask a few students how many hours they sleep and have them be reference points around the circle.
> 
> Once students circle up, check for correctness by having students show their number on their hands.
> 
> Ask students to raise their hands to identify segments (e.g., “less than 8 hours of sleep”) and encourage them to suggest additional intervals.
> 
> Ask students: What do you notice about our data? What might be important for our principal to know?

**Directions:**
- Circle up by the number of hours of sleep you usually get from least number of hours to most number of hours.
- Talk to people around you to make sure you’re in the right place.

_[Figure: Diagram of a circular path with an arrow going clockwise from ""Least # of hours"" at the top right to ""Most # of hours"" at the top left, with sleeping face icons positioned around the circle.]_

## Graph #2: Histogram *(slide 4)*

*3 min - Class*

> **Teacher note:** Give students 1 minute to form this histogram. Optional: For an easier transition, ask students who fits in each interval (“Who goes to sleep between 9-10PM?”) and then direct them where to stand.
> 
> Once students create this histogram, ask: What do you notice about our data? What might be important for our principal to know?
> 
> Highlight the graph's shape (distribution). Does it resemble a bell curve? Is it skewed to the left or right?

**Directions:**
- Line up based on your typical bedtime.
- Talk to the people around you to make sure you’re in the right place.

| Before 9PM | 9PM -10PM | 10PM -11PM | 11PM -12AM | 12AM -1AM | 1AM -2AM | After 2AM |
| :--- | :--- | :--- | :--- | :--- | :--- | :--- |

_[Figure: Histogram chart with columns for each bedtime interval, showing sleeping face icons stacked in columns: one in ""10PM -11PM"", two in ""11PM -12AM"", and one in ""After 2AM"".]_

## Graph #3: Scatter Plot *(slide 5)*

*3 min - Class*

> **Teacher note:** Before students move, note that the x-axis of this graph is similar to the previous one. Students should focus on adjusting their y-axis placement.
> 
> Give students 1 minute to form the scatter plot. Then ask: What do you notice about our data? What might be important for our principal to know?
> 
> Highlight any correlations (or lack thereof) between bedtime and sleep duration.

**Directions:**
- Place yourself on the plot.
- Talk to the people around you to make sure your relative position is correct.

_[Figure: A scatter plot with the horizontal axis labeled ""Typical Bedtime"" marked from 8PM to 2AM (8PM, 9PM, 10PM, 11PM, 12PM, 1AM, 2AM) and the vertical axis labeled ""Typical Amount of Sleep (# of Hours)"" marked 4, 6, 8, 10. Sleeping face icons are plotted at coordinates representing bedtime and sleep duration.]_

## Four Corners *(slide 6)*

*1 min - Class*

> **Teacher note:** Ask students to move to the corner representing their preferred visualization.

**Take a stand:**
- Which data visualization did you think was most effective?
- Move to that corner of the classroom.

Remember, we’re using data to provide recommendations to our principal about school start times.

_[Figure: Four classroom corners labeled with options: ""Pie Chart"" (top-left), ""Histogram"" (top-right), ""Scatter Plot"" (bottom-left), and ""I have another idea!"" (bottom-right), each displaying a miniature version of the corresponding visualization.]_

## Four Corners *(slide 7)*

*2 min - Pairs to Class*

> **Teacher note:** After students discuss in pairs, have 1-2 pairs per corner share their thoughts.
> 
> Wrap up by summarizing what students accomplished: creating and selecting data visualizations to tell a compelling story.

**Discuss with a partner:**
- Why did you choose this visualization?
- What would you recommend to our principal based on this data?
- How would you use this data visualization to make your point?

_[Figure: Diagram showing the four corners labeled ""Pie Chart"", ""Histogram"", ""Scatter Plot"", and ""I have another idea!"", each with a thumbnail illustration of that data visualization.]_

## Tell a new data story *(slide 8)*

*10 min - Pairs | Apply*

> **Teacher note:** Customize this slide.
> 
> Insert data from a project students are working on, or find a new data set that is relevant to your subject area.
> 
> Here are resources for interesting data sets:
> - [Our World in Data](https://ourworldindata.org/)
> - [OECD](https://www.oecd.org/en/data.html)
> - [Gapminder Graphs](https://www.gapminder.org/tools/#$chart-type=linechart&url=v2) and [Data](https://www.gapminder.org/data/)
> - [The Data and Story Library](https://dasl.datadescription.com/)
> - [Data Nuggets](https://datanuggets.org/) (focused on scientific data)

This time use data from 2019 shows the average minutes spent in different activities (both weekdays and weekends) by men and women aged 15–64 in the United States.

| | Men | Women |
| :--- | :--- | :--- |
| Paid work or study | 332 | 247 |
| Unpaid work | 166 | 271 |
| Personal care | 635 | 667 |
| Leisure | 306 | 266 |
| Other | 20 | 28 |

For a more detailed breakdown, see the source: OECD (2024), Time Use, [https://data-explorer.oecd.org/vis?df[ds]=DisseminateFinalDMZ&df[id]=DSD_TIME_USE](https://data-explorer.oecd.org/vis?df%5Bds%5D=DisseminateFinalDMZ&df%5Bid%5D=DSD_TIME_USE) (accessed on August 21, 2024).

**Looking at this data, discuss with your partner:**
1. What do you notice about this data?
2. What might be an effective data visualization? Remember, we just created a pie chart, histogram, and scatter plot.

**Then, create a poster with:**
- A data visualization
- A one-sentence summary of the main point you want your audience to remember"
notice_and_wonder,Notice & Wonder,OT.Creat.1.a,59b6e0a2-db4b-4913-9243-06d0b269d693,Asking questions,OT.Creat.1,Creative Process,OT,Students learn to discover the questions that matter to them and identify the specific aspects of a topic they want to explore further.,"Before starting a new unit, when you want to get students excited about the topic and surfacing the questions they’re really interested in exploring.",Work in teams to surface the questions they want to ask about a specific image (or set of images).,Students can record the questions they generate on large pieces of paper or in a collaborative document.,Review the video for tips on running the Question Formulation Technique. Replace the image on slide 3 with one related to the topic you’ll be studying next.,15 minutes,Small Group,"whole class, then small groups, then whole class",,https://xq-learning-xq-engineering.vercel.app/activities/notice_and_wonder,https://docs.google.com/presentation/d/1sm0rd664BBvNgyYs6U1G8N1XZzEY7fZ3_f7zy7hV5bU/copy,CC BY 4.0,© 2026 XQ Institute. Licensed under CC BY 4.0. https://creativecommons.org/licenses/by/4.0/,,"## A Thousand Questions *(slide 2)*

*3 min - Class*

> **Teacher note:** Encourage your students to
> - add their own questions to those on the slide.
> - share the things they saw that got them wondering.
> 
> Help them see how many different kinds of questions you can ask of even a simple picture.

We all know a picture can be worth a thousand words.

But some pictures are worth a thousand questions.

What’s something you saw recently that got you wondering?

_[Figure: A close-up photograph of a single water droplet resting on a green leaf.]_

How does the drop stay round? Why doesn’t the water just spill out?

_[Figure: A photograph of a camel resting on the sand in front of the Pyramids of Giza.]_

How did they move those enormous stones without using heavy machinery? Why did they go to all that trouble?

_[Figure: A photograph of a yellow and black fallout shelter sign mounted on the exterior brick wall of a building.]_

What do these signs mean? Who put them up? What was going on in the world that made them make sense?

## Rules for Generating Questions *(slide 3)*

*Class: 3 min, Group: 5 min*

> **Teacher note:** Review the Rules to make sure your students understand how the process works.
> 
> Then, keep this slide up on the screen, so everyone can see both the rules and the image while they’re working together in teams.

### Start your questions here

_[Figure: A 1938 Home Owners' Loan Corporation residential security map of Brooklyn, showing neighborhoods color-coded in green, blue, yellow, and red.]_

**Redlining**  
In this 1938 map of Brooklyn, the areas marked in red were identified as “high risk” by the government agency that provided loans to people who wanted to buy homes.

Image [source here](https://dsl.richmond.edu/panorama/redlining/#loc=5/39.1/-94.58&text=downloads). Used under [Creative Commons BY-SA 4.0 license](https://creativecommons.org/licenses/by-sa/4.0/deed.en).

### Rules for Generating Questions

1. Silently, take a good look at the image and see what you notice.
2. Come up with as many questions as you can.
3. Don’t stop to answer, judge, or discuss the questions.
4. Write down every question exactly as stated.
5. Number your questions.

## Prioritize *(slide 4)*

*Team: 5 min, Class: 3 min*

> **Teacher note:** Once students have shared the questions that pique their curiosity, have the class vote on three questions the class will explore in the upcoming unit.
> 
> Alternatively:
> - Have your students work together in their teams to explore the questions they identified—maybe during weekly team sessions during the unit.
> - Teach your lesson just as you’d planned, while building on the curiosity that students have generated.

1. **Prioritize:** choose the 3 questions that you think are most important.
2. If any of these are closed questions, make them open-ended.

_[Figure: A comparison diagram with an arrow pointing from a pink box on the left to a green box on the right.  
Left box:  
""CLOSED  
(You can look up the answer on Wikipedia)  
Who killed Abraham Lincoln?""  
Right box:  
""OPEN  
(There’s no single, correct answer)  
Why was Abraham Lincoln killed?""]_

3. **Share your questions with the class.**

## Bonus Reflection *(slide 5)*

*5 min - Class*

> **Teacher note:** In 1986, Feynman served on the presidential committee that aimed to discover what had caused the explosion of the Challenger space shuttle. During his testimony before Congress, Feynman submerged in ice water a rubber “o-ring” like the one used on the shuttle, and demonstrated how it lost its flexibility at low temperatures…which would have led the shuttle’s seals to fail during lift-off into space.

Richard Feynman, the Nobel Laureate who worked with J. Robert Oppenheimer to develop the atom bomb (and helped discover why the space shuttle Challenger exploded soon after lift off), liked to say:

> “I learned very early the difference between knowing the name of something and knowing something.”

What do you think he meant?

_[Figure: An illustration comparing two concepts. On the left, under the heading ""KNOWING A NAME"", is a red-and-white ""HELLO MY NAME IS"" name tag reading ""Electricity"". In the center is a ""≠"" (does not equal) symbol. On the right, under the heading ""KNOWING A THING"", is a lightbulb with arrows pointing to five questions: ""HOW DOES IT WORK?"", ""WHAT CAUSES IT?"", ""WHAT EFFECTS IT?"", ""HOW IS IT CONNECTED?"", and ""WHY DOES IT BEHAVE THIS WAY?"".]_

## Build | Exploring Wartime Germany through Pictures *(slide 6)*

Alex Campbell, PBL Coordinator at Elizabethton High School in Tennessee, adapted this activity for his 9th grade world history course. Alex set up stations throughout his class, each focused on photographs he had chosen to capture the changes happening in Germany during the 1920s-1940’s.

### Protocol: Pictures of Germany, 1920s-1940s

1. Take 1 minute to really look at the picture in silence.
2. Take another minute to think about what questions you have about the picture.
3. Choose a writer to capture all the questions on a Google doc. (Remember not to judge the questions!)
4. Each person states one question they have about the picture.
5. Continue until each person has given 3 questions.
6. Divide the questions evenly, with students placing their names above the questions they will be researching.
7. Each student will find the answers to their 3 questions by using a webquest.

_[Figure: A student worksheet titled ""Pictures of Germany, 1920s–1940s"" with prompts: ""Picture Number: ____"", ""What’s happening in the picture? ____"", ""Where did it take place? ____"", ""When did it take place? ____"", ""Why did it take place? ____"", and ""What does this tell you about Germany during the 1920's – 1940's? ____"", displayed alongside historical black-and-white photographs of soldiers and crowds from wartime Germany.]_

> “Even though I was completely surprised by the different directions my kids took with their questions, I felt like they learned exactly what I wanted them to learn.”"
peer_network_maps,Peer Network Maps,GC.SAg.2.c,d53b6fbb-3fd5-4011-8124-0bd465578306,Building relationships,GC.SAg.2,Community Mobilization,GC,Students learn to recognize their power to mobilize peers and change situations they find unfair.,"when students are expressing their frustration with a condition that they view as needs fixing, annoying, unfair, or unjust—and need help “doing something” about it.",identify a situation in their community they want to address and take the first steps to make a change together.,Each group needs chart paper or a section of white board.,Groups of 3-4,25 min,Small Group,groups of 3-4,,https://xq-learning-xq-engineering.vercel.app/activities/peer_network_maps,https://docs.google.com/presentation/d/1nb7brOj7jkQxR9dH8iRadS-E3gXzs_LAmIzwD8OmBck/copy,CC BY 4.0,© 2026 XQ Institute. Licensed under CC BY 4.0. https://creativecommons.org/licenses/by/4.0/,,"## Something's Not Right *(slide 2)*

*3 min - Group*

> **Teacher note:** Challenge students to focus on policies that affect them personally and emotionally. Here's a sample prompt that can trigger ideas:
>
> Close your eyes and imagine your neighborhood, your family—or a community you're part of—and think of a problem that’s been bugging you.
>
> For many students, your friends are just the people you enjoy being with. This exercise aims to help students see how their peers can be a source of power they can use to get change to happen.

- Make a list of problems, rules, or situations in your community that seem unreasonable, unfair or frustrating.
- Add to each item a brief explanation of what makes it wrong.

EXAMPLES:
- Unsafe streets: can’t get to school without stress
- Not enough stuff to do after school: kids get into trouble
- Cost of housing: parent needs to work two jobs

### Mobilize!
Changing a policy can feel overwhelming—but you don’t have to do it alone. Most real change happens when individuals organize into groups to make things better at school, work, or in the community.

_[Figure: Black-and-white photograph of a massive crowd gathered at the Lincoln Memorial and Washington Monument reflecting pool during a demonstration.]_

## Map Your Networks *(slide 3)*

*5 min - Group*

1. Choose an issue from the list that feels really unjust.
2. Make a Network Map that identifies the people who might help you rally your peers. Think outside your friend groups.
3. Include a few words explaining how that person might help.

_[Figure: A Network Map showing a central purple oval labeled ""Not enough after school activities for teens"" connected by lines to four outer nodes:
- Top left: ""Douglass: LaShon’s best friend, directly affected by issue""
- Top right: ""LaShon: good with adults, could convince principal?""
- Bottom left: ""Amir: Gets along with everyone, might convince people to join us""
- Bottom right: ""Luisa: Student Council representative, good influencer""]_

## Mobilize! *(slide 4)*

*7 min - Group*

Choose a person from your Network Map, and write 3-5 sentences you might say to convince them to join you. Include the following:
- The issue that will “hook” this person
- What makes this person a strong ally
- What they’ll get out of joining.

> LaShon,
> I know you’re super into fitness and healthy living, which is why I thought of you for this.

> Amir,
> You’re the go-to person when people are feeling down or stressed; you’re a natural leader to help us change things.

_[Figure: Illustration of four students in conversation, with speech bubbles showing the example messages to LaShon and Amir.]_

## Walk, Listen, Learn *(slide 5)*

*4 min - Group*

As a group, stand up and take a look at another group’s work. Read the issues, the Network Maps, and the scripts.

In your group, discuss:
1. One thing you learned from another group’s work
2. One thing you read that was persuasive or compelling

_[Figure: Illustration of students doing a gallery walk, observing posters hanging on a wall beneath a sign reading ""GALLERY WALK"" and talking in small groups.]_

## One Next Step! *(slide 6)*

*1 min - Group*

After seeing your classmates’ work, return to your group:
1. Write down your next action step (e.g., use the script to mobilize our network; add to our network; write a script for another person).
2. Share your action step.

### Going Beyond

Put your network into action:
1. Create a group.
2. Identify a person who has power over the rule, policy, or problem.
3. Create a similar script for that person.
4. Make the pitch!

_[Figure: Illustration of two people with speech bubbles containing ellipsis dots.]_"
perfecting_pancakes,Perfecting Pancakes,OT.Crit.1.b,44d2a1eb-68bd-46b0-baec-df37a5ac367f,Relevance,OT.Crit.1,Interpreting Information,OT,Students learn to evaluate information for its relevance.,Before or during student research for a project.,Evaluate sample information to determine what makes information relevant and then apply to their own research.,None,Customize the research topic on slide 5.,15 min,Pair,"pairs, then whole class, then solo, then whole class",,https://xq-learning-xq-engineering.vercel.app/activities/perfecting_pancakes,https://docs.google.com/presentation/d/1KCd8v15-d0f6irjjnpaWLvpH3Yw226uZTej3JCkDYs4/copy,CC BY 4.0,© 2026 XQ Institute. Licensed under CC BY 4.0. https://creativecommons.org/licenses/by/4.0/,,"## Perfecting Pancakes *(slide 2)*

*3 min - Pair, Class*

> **Teacher note:**
> After students discuss in pairs, conduct a quick poll to see which quotes got chosen. Ask students, “Raise your hand if you decided to use this information.”
> 
> If several students chose the same quote, ask one student why they chose to use it.
> 
> For a quote that nobody chose, ask a student why they ignored it.
> 
> If the class decides not to use a quote, you cross it off on the board or move one of these X’s on top of it to keep track of student discussion.

You’re trying to make the tallest, fluffiest pancakes for a project in your science class.  
You do some research and collect the following information:

- Allow the pancake batter to rest for about 5-10 minutes after mixing. This resting period allows the gluten in the flour to relax, resulting in lighter and fluffier pancakes.
- Combine eggs, milk, flour, melted butter or oil, salt, and sugar (if using) in a blender.
- Adding baking powder is the easiest way to make fluffy pancakes.
- When I worked in a souffle pancake cafe, we’d whip egg whites until they were stiff and then mix that into the batter. Our pancakes were 2 inches tall!
- You really can’t buy bad maple syrup!

Discuss with a partner.  
What information would you use? What information would you ignore?

## Perfecting Pancakes *(slide 3)*

*3 min - Pair, Class*

> **Teacher note:**
> After students discuss in pairs, ask them to raise hands if anyone changed their minds. Ask a few students to explain.

Discuss with a partner. Here’s where the information came from: Does this change which information you decide to use or ignore? Why or why not?

- Allow the pancake batter to rest for about 5-10 minutes after mixing. This resting period allows the gluten in the flour to relax, resulting in lighter and fluffier pancakes.  
  ChatGPT
- Combine eggs, milk, flour, melted butter or oil, salt, and sugar (if using) in a blender.  
  [Serious Eats](https://www.seriouseats.com/basic-crepes-batter-recipe) Crepe Recipe
- Adding baking powder is the easiest way to make fluffy pancakes.  
  [BBC Good Food](https://www.bbcgoodfood.com/howto/guide/how-make-fluffy-pancakes) Guide to Fluffy Pancakes
- When I worked in a souffle pancake cafe, we’d whip egg whites until they were stiff and then mix that into the batter. Our pancakes were 2 inches tall!  
  Your science teacher
- You really can’t buy bad maple syrup!  
  [The Kitchn](https://www.thekitchn.com/best-maple-syrup-brands-23437077) Maple Syrup Reviews

## Relevant = helpful + reliable *(slide 4)*

*2 min - Class*

> **Teacher note:**
> In the last 2 slides, students discussed why they would or wouldn’t use information.  
> Introduce this framework and tie it back to examples from the previous slides. For example, “We didn’t use the maple syrup comment because it didn’t help us solve the problem of taller pancakes”.

- The info helps me solve my problem
- I trust the source that’s giving the help
- Relevant!

_[Figure: A Venn diagram with two overlapping circles. The left circle reads ""The info helps me solve my problem"" and the right circle reads ""I trust the source that’s giving the help"". An arrow points from their intersection to a badge labelled ""Relevant!"".]_

## Find more information *(slide 5)*

*7 min - Solo, Class · Apply*

> **Teacher note:**
> Customize the research question for your class.
> 
> After individual research, ask students to explain their crumpled sources to their partner.
> 
> As a class, discuss the examples of not relevant sources. Were there any sources that were helpful but not reliable, or vice versa?
> 
> What if students find information that is interesting but not very relevant? You can decide to keep the activity simple and have students crumple it, or suggest a more nuanced approach. For example, they could store that information in a physical or digital “parking lot” and come back to it later.

Research online and find at least 5 sources:

> How do school start times affect students' sleep and performance?

1. For each, determine if it’s relevant:
- Helpful: The info helps me solve my problem
- Reliable: I trust the source that’s giving the help
- Relevant!

_[Figure: A Venn diagram showing two overlapping circles labelled ""Helpful"" (""The info helps me solve my problem"") and ""Reliable"" (""I trust the source that’s giving the help""), intersecting at ""Relevant!"".]_

2. If it’s not relevant, write it down on a piece of scratch paper along with why it isn’t relevant.  
Then, crumple that piece of paper, but don’t throw it away!

_[Figure: A crumpled ball of paper.]_

After 5 minutes, you should have at least one crumpled piece of paper. Be ready to share!"
power_y,Power Y,GC.SA.2.a,8051fbd0-c0a1-43d3-b280-7eb7e4eee68e,Holders of power,GC.SA.2,Navigating Power,GC,"Students learn to map power dynamics using the Power Y framework, identifying power holders and potential allies.","During lessons on social studies, civics, teamwork, and projects involving school policy changes, event planning, or community initiatives.",Engage in the Power Y Mapping activity to visualize power structures within their schools before using it as a tool of analysis on other projects or content.,"Large sheets of paper, Markers or stickers in different colors",Prepare a list of possible school rules or policies students might want to change (optional). Review a completed Power Y example (slide 8).,15-25 min,Pair,"pairs, then whole class",,https://xq-learning-xq-engineering.vercel.app/activities/power_y,https://docs.google.com/presentation/d/1z68OewFyiwTKi4iueBgX1jf8fg6wYaQH5OHOqwJojls/copy,CC BY 4.0,© 2026 XQ Institute. Licensed under CC BY 4.0. https://creativecommons.org/licenses/by/4.0/ This activity was inspired by the iThrive routine used in the Diplomacy in Action Learning Experience.,,"## If You Could Change Any School Rule, Which One Would You Change? *(slide 2)*

*Pair, 3 min*

> **Teacher note:** If students cannot think of an example, or if you would prefer they choose from a list of options, some additional policies might include: rules for student parking permits, late arrivals rules, policy for classroom temperature control, bathroom break rules, etc.

If you could change any school rule, which one would you change?

For example:
- Rules for student parking permits
- Late arrivals rules
- Policy for classroom temperature control
- Bathroom break rules

## Power Over: Decision Makers *(slide 3)*

*Pair, 3 min*

> **Teacher note:** Consider using sticky notes or large paper taped to the walls for students to complete their Power Y analysis.
> 
> See Slide 8 for an example.

Who are the decision makers who have the authority (power) to approve or reject our idea?

_[Figure: A Y-shaped diagram labeled ""Power Y"". The center hub is labeled ""[Rule change]"". The left upper branch is highlighted as ""Power over"" and points to a card with ""Decision makers: - , -"" and ""Their powers: - , -"". The right upper branch is faded and labeled ""Power with"". The bottom stem is faded and labeled ""Power to"" with ""You"".]_

## Power To: Your Power *(slide 4)*

*Pair, 3 min*

> **Teacher note:** If students feel powerless, nudge them to think about the potential impact of small actions. Ask them, ""What could happen if you [talked to someone]?""
> 
> Help them see that even small efforts can help get things started, or connect them with people already working to create change

What power do you have on your own to make the rule change happen (power to)?

_[Figure: The Power Y diagram with the bottom stem highlighted as ""Power to"". Beneath it sits a card labeled ""You"" with ""Your powers: - , -"". The center hub is labeled ""[Rule change]"". The upper branches are faded: ""Power over"" on the left and ""Power with"" on the right.]_

## Power With: Allies *(slide 5)*

*Pair, 3 min*

Who are allies you can work with to make the change?

What could you do together that you couldn’t do on your own (power with)?

_[Figure: The Power Y diagram with the right upper branch highlighted as ""Power with"". Next to it is a card with ""Allies: - , -"" and ""Our powers: - , -"". The center hub is labeled ""[Rule change]"". The left upper branch (""Power over"") and bottom stem (""Power to"", ""You"") are faded.]_

## What next? *(slide 6)*

*Class, 5 min*

> **Teacher note:** Use the example Power Y analysis or replace it with the one(s) that students produced.
> 
> Show how mapping power can open up new questions, such as how to move a decision maker to an ally or how to influence the decision maker by addressing the constraints they face.
> 
> If students are interested in pursuing this further, consider how you might support them to learn what they can do next.

Once we’ve mapped the stakeholders to the Power Y, we can ask new questions.

For example:
- Can we move the decision makers in “power over” to “power with”? How?
- Is there anyone with power over the decision makers? Do we extend our analysis?
- What information are we still missing?

_[Figure: A completed Power Y diagram with the center hub labeled ""[Rule change]"". The left branch shows ""Power over"" with ""Decision makers: - Principal, Admin; - School board; - IT Department"" and ""Their powers: - Make budget; - Approve changes"". The right branch shows ""Power with"" with ""Allies: - Fellow students; - Helpful teachers"" and ""Our powers: - Form committee; - Engage teachers; - Campaign"". The bottom stem shows ""Power to"" with ""You"" and ""My Powers: - Talk to others; - Find allies; - Research; - Raise awareness"".]_

## Historical Analysis: Frederick Douglass *(slide 7)*

*Class, 10+ min*

> **Teacher note:** Provide a worked example or task students with researching and creating their own Power Y. For example, students might analyze a scenario from a novel, a current social issue, etc.
> 
> Answers for the Douglass analysis may include:
> - Power to: Douglass escaped enslavement and used his autobiography, lectures, and newspaper (The North Star) to expose the brutality of slavery, build public opposition, and demonstrate that Black Americans were fully capable of self-determination.
> - Power with: Douglass worked alongside abolitionist societies, free Black communities, and the Underground Railroad network. Together they pressured northern public opinion, sheltered freedom seekers, and built the political coalition that would eventually push for emancipation.
> - Power over: Slaveholders held legal, economic, and political power backed by federal law and violence. Congress, the courts, and state legislatures actively protected slavery and suppressed abolitionist organizing.

We can also use the Power Y to analyze the power dynamics in a past or present situation.

For example, take Frederick Douglass and the abolitionist movement.
- Who had “power over”?
- What could Frederick Douglass do with his own power?
- Who did he have “power with” and what could they do together?

_[Figure: A Power Y diagram with the center hub labeled ""End slavery and secure rights for Black Americans"". The top left branch is ""Power over"" with cards for ""Decision makers: - , -"" and ""Their powers: - , -"". The top right branch is ""Power with"" with cards for ""Allies: - , -"" and ""Their powers: - , -"". The bottom stem is ""Power to"" showing a portrait of Frederick Douglass and a card for ""His Powers: - , -"". A callout box next to the portrait reads: ""Replace this example within one from your subject area"".]_

## Appendix *(slide 8)*

### Example: Improve Wifi access in the school.

**Power to (Me):**
- Gather support: Mobilize peers to join the cause.
- Research and propose: Collect data on current Wi-Fi issues and draft a compelling proposal.
- Raise awareness: Utilize social media and school platforms to highlight the need for better Wi-Fi.

**Power with (students and supportive teachers):**
- Form a committee: Establish a student group dedicated to advocating for better Wi-Fi.
- Engage teachers: Leverage teacher teachers to support the initiative and advocate on behalf of students.
- Organize campaigns: Coordinate petitions, awareness drives, and presentations to show widespread demand for improved Wi-Fi.

**Power over (school admin and school board):**
- Principal/Admin: Have the authority to approve infrastructure changes.
- IT department: Control technical aspects and budget allocations for IT improvements.
- School board: Make final budgetary decisions and policy changes.

_[Figure: A completed Power Y diagram for the Wi-Fi example. Center hub: ""Improve Wifi access in the school"". Left branch (""Power over""): ""Decision makers: - Principal, Admin; - School board; - IT Department"" and ""Their powers: - Make budget; - Approve changes"". Right branch (""Power with""): ""Allies: - Fellow students; - Helpful teachers"" and ""Our powers: - Form committee; - Engage teachers; - Campaign"". Bottom stem (""Power to""): ""You"" and ""My Powers: - Gather support; - Research and propose; - Raise awareness"".]_

## Credits

This activity was inspired by the iThrive routine used in the Diplomacy in Action Learning Experience"
problem_trees,Problem Trees,OT.PS.1.a,dedcb79b-1304-4ab2-b543-051fc72a9529,Problem diagnosis,OT.PS.1,Problem Seeking,OT,Students learn how to diagnose problems using a problem tree analysis.,In any class where students try to understand a real world problem.,"Separate the central issue, causes, and effects of high pollution in low income neighborhoods and practice a similar analysis on another problem they are trying to understand.","Large sheet of paper & sticky notes, Problem tree template (printed or projected)",Prepare a problem tree issue for students to investigate on Slide 6.,15-25 min,Pair,"pairs, then solo",,https://xq-learning-xq-engineering.vercel.app/activities/problem_trees,https://docs.google.com/presentation/d/16xfYztC0gcsZl9VAxTnm9QYVmKbNlrdL3ftg_Qjj7M8/copy,CC BY 4.0,© 2026 XQ Institute. Licensed under CC BY 4.0. https://creativecommons.org/licenses/by/4.0/,,"## Problem Trees help us identify the true causes of events *(slide 2)*

*Pair | 3 min*

> **Teacher note:**
> - Draw this diagram on the board.
> - Give students 1 minute to think of possible effects.
> - Ask volunteers to share and add their responses to the tree.

Imagine: It’s Monday morning, and you’re waiting for the bus, but it never shows up.

What are the effects of this event? Fill in the dotted boxes.

_[Figure: Diagram of a problem tree. The branches at the top are labelled ""EFFECTS"", with one branch showing ""Late to school"". The trunk is labelled ""Bus didn’t show up"". The roots at the bottom are labelled ""CAUSES"". Empty dotted boxes sit to the left of the trunk for recording additional effects.]_

## Identify Causes *(slide 3)*

*Pair | 3 min*

One potential reason the bus never appeared could be because the route was eliminated.

What other causes can you imagine?

_[Figure: Diagram of the problem tree. The branches at the top are labelled ""EFFECTS"", the trunk is labelled ""Bus didn’t show up"", and the roots at the bottom are labelled ""CAUSES"" with one root labelled ""Route canceled"". Empty dotted boxes sit to the left for recording additional causes.]_

## Dig Deeper *(slide 4)*

*Pair | 3 min*

> **Teacher note:**
> - After students identify causes, ask them why. When they answer, ask why again. Repeat until they can’t answer. This simple routine reveals additional root causes.
> - For example, the bus might not have shown up because the route was eliminated. Why? Because there is a bus driver shortage. Why? [Many reasons](https://www.nea.org/nea-today/all-news-articles/school-bus-driver-shortage-persists): low pay, drivers were particularly vulnerable to covid, hiring barriers, limited to part-time, etc.

Now dig deeper:

**Why** might the route have been cancelled?

_[Figure: Diagram of the problem tree with ""Bus didn’t show up"" at the trunk, ""EFFECTS"" at the branches, and ""CAUSES"" with ""Route canceled"" at the roots. A dotted rectangular box to the left contains the prompt ""Why?"".]_

## Find the Primary Cause *(slide 5)*

*Pair | 3 min*

> **Teacher note:**
> - Replace this example with the tree your students created.
> - Emphasize how problem trees can help you see many different possible causes for events. Students might decide the core issue is actually the driver shortage! You can event pivot to a new issue like why school policies punish students who miss a test due to a late bus.
> - This is a great example of how the tree can be used for small and big problems, and how the two are often linked!

When you look the completed problem tree, **which of the causes do you think is primary** (the one that really gets everything else to happen)?

_[Figure: Completed problem tree diagram:
- Trunk: ""Bus didn’t show up""
- EFFECTS (branches above): ""Late to school"" branches into ""Miss the test"" and ""Mom is mad""; ""Miss the test"" branches into ""Get a bad grade"".
- CAUSES (roots below): ""Route canceled"" connects down to ""Driver shortage"", which branches down into ""Low pay"" and ""Hiring barriers"".]_

## Practice: Problem Tree Analysis *(slide 6)*

*Solo | 10+ min*

> **Teacher note:**
> - Replace the example issue with one of your own from the subject or lesson they are teaching.
> - You can provide a worked example or task students with researching and creating their own problem tree as part of a a longer assignment.
> - Remind students to keep asking “why?” to get to root causes. For example, if the issue is Higher Pollution, effects might be health problems and low property values. The causes may be proximity to industry and lack of green space. When students dig deeper, a further root cause may be redlining.

**Issue:** Pollution levels are often higher in low-income and minority-majority neighborhoods.

In groups or alone, draw your own tree on large paper and use post-it notes to list causes and effects.

Step back and find the primary cause or identify one you want to explore more!

[Research here](https://www.npr.org/2022/03/10/1085882933/redlining-pollution-racism)

_[Figure: Problem tree template with branches labelled ""EFFECTS"", trunk labelled ""Issue"", and roots labelled ""CAUSES"". Dotted rectangular boxes sit to the left to represent sticky notes for brainstorming.]_"
putting_feedback_to_use,Putting Feedback to Use,LL.SM.1.b,333354f1-65ed-4238-b298-65dcf4a945c1,Evaluating feedback,LL.SM.1,Receiving Feedback,LL,Students learn to incorporate feedback from drafts or assignments into future work.,After students have received feedback and right before they revise or start something new.,Practice a protocol that will help them make sense of feedback they have received and turn it into actionable items.,None,None,10-15 min,Pair,"solo, then pairs",,https://xq-learning-xq-engineering.vercel.app/activities/putting_feedback_to_use,https://docs.google.com/presentation/d/11g0mBXAzAr7wddSNr33uTES9VZY8efmp4Asdp2woOSI/copy,CC BY 4.0,© 2026 XQ Institute. Licensed under CC BY 4.0. https://creativecommons.org/licenses/by/4.0/ The protocol used in the activity was developed by educators in the UK to create regular class time for students to reflect on the feedback they’ve received.,,"## Before you start *(slide 1)*

> **Teacher note:**
> Note: the protocol used in the activity was developed by educators in the UK to create regular class time for students to reflect on the feedback they’ve received

## Get ready for some DIRT! *(slide 2)*

*5 min - Solo*

> **Teacher note:**
> If students are gathering feedback from multiple sources, have them copy all the comments into a single doc to make the next steps easier.

What’s DIRT?

Simple: DIRT stands for
- **D**edicated
- **I**mprovement &
- **R**eflection
- **T**ime

_[Figure: The word ""DIRT"" spelled out in dark soil and grounds, surrounded by scattered crumbs and chunks of chocolate.]_

## Gather all your feedback *(slide 3)*

*5 min - Solo*

**1. Gather all your feedback** from a recent assignment.

(This could be comments from your teacher, classmates, community members—even yourself.)

## Process your feedback *(slide 4)*

*5 min - Solo*

**1. Gather all your feedback** from a recent assignment.

(This could be comments from your teacher, classmates, community members—even yourself.)

**2. Process your feedback**

With all of your feedback in front of you, use highlighters to color code:
- **GREEN** = Positive comments
- **PINK** = Negative comments or suggestions for improvement

One piece of feedback could have multiple highlights

## Make feedback actionable *(slide 5)*

*5 min - Solo*

> **Teacher note:**
> Tell students that when absorbing feedback, it’s important to think about how you might use it.
> Ask them when they’ll put this feedback into practice: eg, the next assignment they’ll be working on.

**1. Gather all your feedback** from a recent assignment.

(This could be comments from your teacher, classmates, community members—even yourself.)

**2. Process your feedback**

With all of your feedback in front of you, use highlighters to color code:
- **GREEN** = Positive comments
- **PINK** = Negative comments or suggestions for improvement

One piece of feedback could have multiple highlights

**3. Make feedback actionable**

Now make a Plus / Delta table based on your feedback.

| Positives to keep doing (+) | Changes to make in the future (Δ) |
| --- | --- |
| Include lots of detail | Add more layers to my art |

Select 1-2 items from each column that you want to focus on for your next assignment.

Turn and share it with a partner.

## Artist in the making *(slide 6)*

*5 min - Group — BONUS SLIDE!*

> **Teacher note:**
> Use this as an example:
> - If students haven't received enough feedback on their own work.
> - Or as an example to work through together.

After working on a self-portrait for your art class, you got this feedback from your classmates:

- ""Seriously amazing! So cool and bold. Can't wait to see what else you come up with!""
- ""I think you could work on composition. Maybe try moving some stuff around to balance it out and avoid it looking too crowded.""
- ""I love all the details. Maybe you could add some more layers to make it pop even more?""
- ""Your self-portrait is powerful and unique. Keep inspiring!""

_[Figure: An overhead photograph of an artist painting a colorful, patterned self-portrait surrounded by paintbrushes, jars, and a watercolor palette.]_"
reaction_reflections,Reaction Reflections,LL.SAw.2.b,b3f50acb-fb4a-4bd8-88c5-eb07ab10a04f,Reacting to conflict,LL.SAw.2,Managing Conflict,LL,"Students learn to describe the physical, mental, and emotional reactions they experience during a moment of conflict.",Before a class debate or discussion where emotions might run high or students might have a strong reaction.,Play a debate game and practice describing their reactions during and after the conflict.,None,Consider preparing an example of a debate or discussion on Slide 5.,15-20 min,Small Group,"groups of 3, then whole class",,https://xq-learning-xq-engineering.vercel.app/activities/reaction_reflections,https://docs.google.com/presentation/d/179swafeFPXuMwEwdJU97OTEmSY03ROuCU7jP-9E4x74/copy,CC BY 4.0,© 2026 XQ Institute. Licensed under CC BY 4.0. https://creativecommons.org/licenses/by/4.0/,,"## Game Instructions *(slide 2)*

*3 min - Group*

> **Teacher note:**
> - Goal: Get students animated with a low stakes debate topic where they might react in a way noticeable to themselves or others. Note: Low stakes, silly arguments can still become heated. Be prepared if you think a disagreement might escalate.
> - The activity purposely permits students to argue with each other.. For another version of this activity where students use a framework to better structure their arguments, check out the Dispute Duel CBv.

In this game we will practice arguing with each other.

On each slide you will find a debate question.

In groups of three, you will assign roles and follow this protocol:

_[Figure: Illustrations representing three debate roles: 1. Proposer (person with a lightbulb in a speech bubble), 2. Opposer (person with a question mark in a speech bubble), 3. Observer (person looking through binoculars).]_

1. **Proposer**: thinks for 30 seconds, proposes an answer to the question, and provides their reasoning
2. **Opposer**: takes the opposite side of the debate and explains their reasoning
3. **Observer**: writes down the physical and emotional reactions they notice as the debaters argue

The proposer and opposer debate for 2 minutes uninterrupted while the observer takes notes.

## Debate Protocol *(slide 3)*

*3 min - Group*

> **Teacher note:**
> - Additional options for silly questions include:
>   - If soap gets on dirt, is that dirt clean or is the soap dirty?
>   - If you turn invisible, do your clothes disappear too?
> - Circle through the room and observe. Note patterns or observations to share in the to during the debrief that you can use to prompt students.

_[Figure: Protocol role icons: Proposer (1), Opposer (2), and Observer (3).]_

1. **Proposer**: thinks for 30 seconds, proposes an answer to the question and provides their reasoning
2. **Opposer**: takes the opposite side of the debate and explains their reasoning
3. **Observer**: writes down the physical and emotional reactions they notice as the debaters argue

**Debate Question:**
Is a muffin just a bald cupcake?

The proposer and opposer debate for 2 minutes uninterrupted while the observer takes notes.

## Reflection and Discussion *(slide 4)*

*5 min - Group / Class*

> **Teacher note:**
> - If students struggle with noticing their emotions during the debate, consider checking out Feelings Wheel as a supplemental CB to help build their skills in identifying emotions.
> - The ‘so what?’: In a disagreement we often have a purpose or point we are trying to make, and our reactions are natural responses that can support or hinder our objectives. Owning our reactions or reacting with purpose can help us do a better job achieving what we want or need from a dispute.

1. Journal for 1 minute about the reactions you felt (proposer and opposer) or the reactions you noticed (observer).

2. Next, discuss in your group:
   - _[Figure: Observer icon (person looking through binoculars)]_
   - **Observer**:
     - What reactions did you notice and write down?
     - Did their reactions change over time? How?

3. _[Figure: Proposer icon (person with lightbulb) and Opposer icon (person with question mark)]_
   - **Proposer** and **Opposer**:
     - Did your thoughts, feelings and physical reactions match with what the observer described?
     - What do you think they got right or wrong?

4. _[Figure: Class discussion icon showing a group of people]_
   - Then, as a class, discuss:
     - So what? Why does it matter that someone can **notice** their thoughts, feelings, and physical reactions during a conflict?

## We can all be OBSERVERS of ourselves during a debate or discussion *(slide 5)*

*5 min - Class*

> **Teacher note:**
> - If you are using this CB before a debate or discussion in class, insert the debate topic in the green box (examples on the following slides)
> - Share the reaction reflection guide with students, and after a debate or discussion, revisit the guide as a way of documenting student reactions to any conflict that came up in the debate.
> - If students struggle identifying what they want to do with these reactions next time they come up in a conflict, consider checking out the Don’t Slap Chris CB for strategies on how to manage emotions during a conflict.
> - Note: This means that sometimes it’s okay to be angry and express anger! Especially if our purpose in a dispute is to communicate the hurt we are feeling. But even then, sometimes our reactions can hinder our ability to describe the hurt we are feeling.

Next time we have a class debate or discussion (or a conflict!), see if you can…

_[Figure: Icons beside each prompt: a magnifying glass for Notice, a notebook and pencil for Describe, and two people facing each other for Reflect.]_

- **Notice**: Pay attention to your thoughts, feelings, and physical reactions during the debate, discussion, or conflict.
- **Describe**: Afterwards, briefly describe your reactions in writing.
- **Reflect**: Think about how your reactions helped or obstructed what you hoped to accomplish during the debate, discussion, or conflict.

_[Figure: Reaction Reflection chart with a brain icon next to ""one thing I thought"", a heart icon next to ""one thing I felt"", and a person icon with a question mark next to ""one physical reaction I had"".]_

| Reaction Reflection | |
| --- | --- |
| one thing I thought | |
| one thing I felt | |
| one physical reaction I had | |
| Did it help or obstruct your objective? | |

## Example Application: Biology *(slide 6)*

*5 min - Class*

**Debate Topic:**
Should GMOs be used in agriculture and food production?

_[Figure: Icons beside each prompt: a magnifying glass for Notice, a notebook and pencil for Describe, and two people facing each other for Reflect.]_

- **Notice**: Pay attention to your thoughts, feelings, and physical reactions during the debate, discussion, or conflict.
- **Describe**: Afterwards, briefly describe your reactions in writing.
- **Reflect**: Think about how your reactions helped or obstructed what you hoped to accomplish during the debate, discussion, or conflict.

_[Figure: Reaction Reflection chart with icons for thoughts (brain), feelings (heart), and physical reaction (person with question mark).]_

| Reaction Reflection | |
| --- | --- |
| one thing I thought | |
| one thing I felt | |
| one physical reaction I had | |
| Did it help or obstruct your objective? | |

## Example Application: ELA *(slide 7)*

*5 min - Class*

**Debate Topic:**
Does Gatsby truly love Daisy, or is he more in love with the idea of her and what she represents?

_[Figure: Icons beside each prompt: a magnifying glass for Notice, a notebook and pencil for Describe, and two people facing each other for Reflect.]_

- **Notice**: Pay attention to your thoughts, feelings, and physical reactions during the debate, discussion, or conflict.
- **Describe**: Afterwards, briefly describe your reactions in writing.
- **Reflect**: Think about how your reactions helped or obstructed what you hoped to accomplish during the debate, discussion, or conflict.

_[Figure: Reaction Reflection chart with icons for thoughts (brain), feelings (heart), and physical reaction (person with question mark).]_

| Reaction Reflection | |
| --- | --- |
| one thing I thought | |
| one thing I felt | |
| one physical reaction I had | |
| Did it help or obstruct your objective? | |

## Example Application: Math *(slide 8)*

*5 min - Class*

**Debate Topic:**
Which is more useful for everyday math: fractions or decimals?

_[Figure: Icons beside each prompt: a magnifying glass for Notice, a notebook and pencil for Describe, and two people facing each other for Reflect.]_

- **Notice**: Pay attention to your thoughts, feelings, and physical reactions during the debate, discussion, or conflict.
- **Describe**: Afterwards, briefly describe your reactions in writing.
- **Reflect**: Think about how your reactions helped or obstructed what you hoped to accomplish during the debate, discussion, or conflict.

_[Figure: Reaction Reflection chart with icons for thoughts (brain), feelings (heart), and physical reaction (person with question mark).]_

| Reaction Reflection | |
| --- | --- |
| one thing I thought | |
| one thing I felt | |
| one physical reaction I had | |
| Did it help or obstruct your objective? | |

## Example Application: History *(slide 9)*

*5 min - Class*

**Debate Topic:**
Was the American Revolution justified, or could the colonies have negotiated with Britain?

_[Figure: Icons beside each prompt: a magnifying glass for Notice, a notebook and pencil for Describe, and two people facing each other for Reflect.]_

- **Notice**: Pay attention to your thoughts, feelings, and physical reactions during the debate, discussion, or conflict.
- **Describe**: Afterwards, briefly describe your reactions in writing.
- **Reflect**: Think about how your reactions helped or obstructed what you hoped to accomplish during the debate, discussion, or conflict.

_[Figure: Reaction Reflection chart with icons for thoughts (brain), feelings (heart), and physical reaction (person with question mark).]_

| Reaction Reflection | |
| --- | --- |
| one thing I thought | |
| one thing I felt | |
| one physical reaction I had | |
| Did it help or obstruct your objective? | |"
really_looking,Really Looking,FK.AC.1.a,19ebe6e1-fe6a-497c-84b7-72c389f4b607,Power of art,FK.AC.1,Artistic Expression,FK,"Students learn to notice details in a work, infer their significance, focus on a single element, and incorporate diverse perspectives.","repeatedly during a course, to practice observation & inference. Early in a course, when you want to build a collaborative community. Check out Slides 12-16 for ideas on how to adapt to Science, ELA, History, and Math.",work with their peers to see how many things they can discover in an image—while you use a simple protocol to facilitate their investigation.,Projector,Review the facilitation notes on slides 9-10. Everyone in the room will be looking closely at a projected image.,15 min,Whole Class,"solo, then whole class",,https://xq-learning-xq-engineering.vercel.app/activities/really_looking,https://docs.google.com/presentation/d/1-bo4lrDpT0Fwle1-re9Vqby_5cSO4bGKyGGH28_drYE/copy,CC BY 4.0,© 2026 XQ Institute. Licensed under CC BY 4.0. https://creativecommons.org/licenses/by/4.0/,,"## Overview *(slide 2)*
<!-- REVIEW: hidden slide -->

This activity gets students unpacking pictures, on their own and as a class:

1. On their own, each student looks at a picture for 1 minute.
2. Students discuss the picture together, trying to see as many things as they can. Meanwhile, you facilitate lightly.  
   As the facilitator, each time a student answers, you:
   - paraphrase what they say.
   - point to the specific part of the image they’re talking about (to help them ground their ideas in evidence that other people can see).
   - Restrain yourself from adding your own thoughts.
3. When the conversation slows down, ask: What more can we see?
4. You’ll be exploring a total of 2 images.
5. For facilitation tips, see slides [9-11](#facilitation-tips-2-slide-11)

### Thinking Out Loud

- This approach to image analysis often gets students integrating their claims and evidence in ways they rarely do when writing.
- You may want to write down what students say during their discussion of these images—to save a model to use afterwards.

## Solo Observation *(slide 3)*

*1 min - Solo*

Take a minute to look at this picture on your own, quietly.

_[Figure: Woodblock print Ejiri in Suruga Province by Katsushika Hokusai, showing travelers on a path through marsh grass buffeted by a sudden strong gust of wind blowing hats and loose white sheets of paper swirling into the sky, with a simple outline of Mount Fuji in the background. A vertical cartouche in the upper left contains Japanese text.]_

Image credits:
Katsushika Hokusai, *Ejiri in Suruga Province*, from the series ""Thirty-six Views of Mount Fuji"", c. 1830/33. (Photo by Heritage Art/Heritage Images via Getty Images)

## Unpack What You See *(slide 4)*

*5 min - Class*

> **Teacher note:** Don’t worry about researching the images in this activity, or figuring out the right things to say about them. You just want to help your students work together to discover as much as they can.
>
> Your job in this activity is not to be the Expert (who’s got all the Answers). Instead, you’re the Facilitator who nudges students to see more clearly and more deeply.
>
> Each time a student answers,
> - paraphrase what they say.
> - point to the specific part of the image they’re talking about (to help them ground their ideas in evidence that other people can see).
> - restrain yourself from adding your own thoughts.
>
> For more tips on how to facilitate this collaborative image analysis, check out [to be inserted]

Working together, use these questions to unpack what you see.

1. What’s going on in this picture?
2. What do you see that makes you think that?

_[Figure: Katsushika Hokusai's woodblock print Ejiri in Suruga Province, depicting travelers battling high winds on a winding path with Mount Fuji in the distance.]_

## Solo Observation: Image 2 *(slide 5)*

*1 min - Solo*

Take a minute to look at this picture on your own, quietly.

_[Figure: Painting Nighthawks by Edward Hopper, depicting four people sitting inside a brightly lit corner diner at night, viewed from across a dark, empty street through large plate-glass windows. An advertisement above reads ""PHILLIES Only 5¢"".]_

Image credits:
Edward Hopper, *Nighthawks*, 1942, Art Institute of Chicago (Photo by VCG Wilson/Corbis via Getty Images)

## Unpack What You See: Image 2 *(slide 6)*

*5 min - Class*

> **Teacher note:** Use the same routine to explore this image. Remember:
>
> Each time a student answers,
> - paraphrase what they say.
> - point to the specific part of the image they’re talking about (to help them ground their ideas in evidence that other people can see).
> - restrain yourself from adding your own thoughts.

Working together, use these questions to unpack what you see.

1. What’s going on in this picture?
2. What do you see that makes you think that?

_[Figure: Edward Hopper's painting Nighthawks, showing patrons and a counter worker in a brightly lit late-night diner seen from the street.]_

## Junior Curator Decision *(slide 7)*

*3 min - Class*

> **Teacher note:** Optional: you might ask your students to reflect on the way they were looking and thinking and working together in this activity:
>
> What did you notice about how you noticed?

You've just been hired as a junior curator, and your museum’s director has asked you to decide which of these two paintings the museum should acquire—and to justify your answer. What do you tell her?

_[Figure: Two paintings displayed side by side: Katsushika Hokusai's Ejiri in Suruga Province on the left, and Edward Hopper's Nighthawks on the right.]_

## Apply *(slide 8)*

*1 min - Class*

> **Teacher note:** Often, a new idea or topic feels intimidating (or uninteresting) because we haven’t found our “way in.” We look, but we bounce right off: we’ve got nothing to say, because we can’t yet see it.
>
> But once we start seeing the parts a new topic is made of, we can start to wrap our minds around it: we can start generating ideas, and raising questions, and having things to talk about.
>
> You can use this protocol to investigate any artifact you want your students to help each other see more clearly. Start by spending a few minutes on a work of art to “warm up” your students’ noticing skills, then replace the art with the thing you want your students to look at together.

1. What’s going on in this picture?
2. What do you see that makes you think that?

_[Figure: Katsushika Hokusai's woodblock print displayed inside a white dashed border with a blue badge across it labeled ""Replace with your own artifact"", illustrating where a teacher can substitute another image or object.]_

## Facilitation Notes *(slide 9)*

> **Teacher note:** Exemplar: Who's on the Other End?

## Facilitation Tips *(slide 10)*
<!-- REVIEW: hidden slide -->

> **Teacher note:** What you want your students to get out of this Activity is the experience of collaborative discovery: seeing a picture more clearly and deeply because they look at it with their classmates; discovering aspects that they didn’t notice, or saw differently, when they looked on their own.
>
> This kind of exploration can be really hard for students, because they’re probably used to thinking that school is all about getting the right answer. But in this activity, we want to open things up: to let different students notice different things about the image, and show each other the interesting things they might otherwise have missed.
>
> To help your students make this shift, focus on following their thinking (instead of guiding them toward the “right way” to think about the image.) What your students see doesn’t matter as much as how they see—and how they help each other see better.

Here’s a snapshot of what a conversation about this picture might look like.

**Teacher:** (Projects the painting.) Let’s take a minute to each look at this image on our own.

*(After a minute.)* Ok. *What's going on in this image?*

**Student 1:** It’s really late, and these people are in a diner, and they’ve been up all night. And the couple at the bar—maybe they’re gonna break up.

**Teacher:** Got it. So you’re looking at the scene, and thinking this is the end of a long night. And maybe these people over here are a couple that’s about to separate. *What do you see that makes you say their relationship might be ending?*

> *By paraphrasing each student’s observation, you show them that what they said was important—and that you were really listening.*

**Student 1:** Everything feels so empty. There are no cars or people outside. It’s just dark. There are all these seats at the counter but nobody’s at them. And it’s like they don’t want to touch….

**Teacher:** Ok. You’re pulling together evidence from the setting outside the restaurant *(points to the sidewalk)*—and inside *(points to the seats at the counter)*—and thinking it creates a feeling of isolation between the people. *What more can we see?*

> *Pointing to the detail reminds students to draw their inferences out of the specific things they see, so other people can understand where their ideas are coming from.*

**Student 2:** Nobody’s talking. They all look sort of...disconnected.

**Teacher:** Ok, there doesn’t seem to be any interaction between the figures. *What do you see that makes you say they’re disconnected?*

## Facilitation Tips (2) *(slide 11)*
<!-- REVIEW: hidden slide -->

**Student 2:** The man in the hat is turned away from everyone. The couple next to him are close, but they're not looking at each other. And the person behind the counter looks like they're just waiting, not really talking to anybody.

**Teacher:** Ok, you're noticing the location of these figures in the painting, and thinking it creates a kind of emotional distance. Which might echo Marco’s idea about how lonely the image feels. *What more do we see?*

> *By showing students how they pots they’re making connect, you help them see how they’re working together to build a deeper understanding of the image.*  
> <!-- REVIEW: ""how they pots"" appears verbatim in the slide text, likely intended as ""how the points"" -->

**Student 3:** The colors are so weird. It’s kind of like they’re on TV.

**Teacher:** So you’re shifting us from the figures in the scene to the colors, which might create this feeling like TV. *What do you see that makes you say that?*

> *Use conditional language (“their relationship might be ending”) to remind students that there can be many different ways to interpret the same evidence.*

**Student 3:** The windows are huge, and you can see everything inside real clearly. It's all yellow inside, but outside is just black. Those big windows make it feel like we’re watching something private. But the people are totally exposed. It's like the diner is its own little world. A fishbowl and we’re watching the fish.

**Teacher:** Love it! I hear you pointing to the contrast between the illuminated interior and the surrounding darkness, and thinking how maybe this makes it feel almost like the figures are on a TV screen.

Well, thank you everybody. You helped me see all sorts of things in the painting that I hadn’t thought about in this way before.

> *You don’t need to wrap things up at the end. (If you did, you’d leave out some of your students’ observations.) Instead, thank them—and recognize the great observing they just did together.*

## Connections *(slide 12)*

## Example (ELA) *(slide 13)*

*1 min - Class*

Example (ELA): Choose a passage from a novel (opening paragraphs are especially worth exploring).

1. What’s going on in this passage?
2. What do you see that makes you think that?

_[Figure: Excerpt of printed book text inside a dashed border reading:  
""CHAPTER I  
______________________________  
IN MY YOUNGER and more vulnerable years my father gave me some advice that I’ve been turning over in my mind ever since.  
“Whenever you feel like criticizing any one,” he told me, “just remember that all the people in this world haven’t had the advantages that you’ve had.”""]_

## Example (bio/chem/physics) *(slide 14)*

*5 min - Class*

Example (bio/chem/physics): Image-based investigation

1. What’s going on in this environment?
2. What do you see that makes you think that?

_[Figure: Photograph of Upper Catawba Falls showing water cascading over rocky ledges covered with bright green moss into a clear forest pool, with dense trees and a stacked stone cairn on a rock in the foreground.]_

Source: [Upper Catawba Falls on Adobe Stock](https://stock.adobe.com/images/upper-catabwa-falls/65742204)

## Example (history) *(slide 15)*

*5 min - Class*

Example (history): Propaganda poster

1. What’s going on in this picture?
2. What do you see that makes you think that?

_[Figure: Chinese Cultural Revolution propaganda poster showing a portrait of Mao Zedong bathed in rays of sunlight above a crowd of smiling workers, soldiers, and peasants holding up Little Red Books. A red banner at the bottom contains Chinese calligraphy: ""世界革命人民心中的红太阳毛主席万岁！"" alongside Mongolian script.]_

Chinese Cultural Revolution Poster (Photo by David Pollack/Corbis via Getty Images)

## Example (math) *(slide 16)*

*5 min - Class*

Example (math): Image-based investigation

1. What’s going on in this sequence?
2. What do you see that makes you think that?

_[Figure: Diagram showing three isometric cube structures in a sequence labeled ""Stack 1"", ""Stack 2"", and ""Stack 3"", each displaying a growing stepped 3D pattern of blocks.]_

Copyright ©2023 [Visual Patterns by Fawn Nguyen](https://www.visualpatterns.org/)"
risky_rewards,Risky Rewards,FK.SS.3.a,f1e73f47-3475-4f46-bf5f-888aaabc2cd1,Economic behavior,FK.SS.3,Economics,FK,Students learn to analyze risk and consider cost-benefit decisions in various contexts.,"whenever students are asked to make decisions involving trade-offs, uncertainty, or competing outcomes. This lesson helps students evaluate the risks and rewards of choices when faced with complex, real-world scenarios.","consider the risk involved in different “investment” scenarios, and then rank different kinds of activities according to their perception of their riskiness.",Each student or student group needs a copy of this slide deck.,Decide if students will complete slide 3’s activity individually or in small groups. Select the apply activity (slides 4-7) that best fits your class content.,25 min,Pair,"whole class, then pairs, then whole class",,https://xq-learning-xq-engineering.vercel.app/activities/risky_rewards,https://docs.google.com/presentation/d/10lRKKlcDuGdsaSaNFoYDiaSbaaXki7hXJ8xFUjLu0AY/copy,CC BY 4.0,© 2026 XQ Institute. Licensed under CC BY 4.0. https://creativecommons.org/licenses/by/4.0/,,"## What’s your appetite for risk? *(slide 2)*

*5 min - Class*

> **Teacher note:**
> - Have students think about the two investment options, and choose one. There’s no “mathematically correct” answer, it’s more about figuring out their personal risk tolerance.
> - You can have a class discussion about why students picked the way they did.

Mr. Beast offers you a choice between two “lightning investments.” He’ll pay you on the spot, depending on the outcome. First, choose which investment your want. Then, spin the wheel.

1. **Option 1:** You give Mr. Beast $1.00 and you’ll have a 15% chance* to turn it into $1 million.  
   *\*If the spinner lands on 85-100, you get the money.*

2. **Option 2:** You give Mr. Beast $500 and you’ll have a 50% chance* to turn it into $30,000.  
   *\*If the spinner lands on 1-50, you get the money.*

[CLICK TO SPIN THE WHEEL](https://pickerwheel.com/rng?id=butTm)

_[Figure: Photograph of Mr. Beast holding a microphone.]_

Hint! There’s no “right answer”, it’s more about exploring how you feel about different levels of risk.

## Can your appetite for risk change? *(slide 3)*

*10 min - Class → Pairs*

> **Teacher note:**
> - As a class, first discuss and show where you’d place the Mr. Beast options on the graph. Then have students drag/drop the other scenarios on the slide and discuss their reasoning.
> - To help students interpret the graph: Further left means less risk, right means high risk. Higher means a bigger (potential) reward, lower means a smaller one.
> - Consider that risk/reward decisions may have less obvious factors. For example: Ethics; Secondary risks (e.g. gambling addiction and predatory practices for sports betting); External costs (e.g. environmental or public health impact).; Risk depends on personal circumstances as well - those with more resources can often ‘afford’ to take more risk.
> - When debriefing consider asking:
>   - Which options could yield the biggest reward? But are they worth the risk?
>   - Does your appetite for risk chance based change based on the situation? If so, why?

Drag/drop each scenario onto the graph based on your perceived level of risk/reward.

_[Figure: A risk/reward graph with the vertical axis labeled ""Reward"" and the horizontal axis labeled ""Risk"". The upper right quadrant is marked ""HIGH RISK: Big rewards, lots to lose"", and the lower left quadrant is marked ""LOW RISK: Less to gain, less to lose"".]_

**Scenarios:**
- #1 - 15% chance $1.00 into $1 million
- #2 - 50% chance $500 into $30,000
- Sports betting
- Lottery
- Cryptocurrency
- Stock investing
- Starting a company
- Sharing a personal story online
- Working to become a college athlete

## Apply *(slide 4)*

*10 min - Class*

> **Teacher note:**
> - This activity can be used whenever students are comparing decisions that involve trade-offs, uncertainty, or competing outcomes.
> - This slide and the following two are examples of decisions students could use.
> - Swap any of the choices out for ones that are aligned to your course content.

Drag and drop the post-secondary options onto the risk/reward graph.  
Choose one option that you are considering and explain its risks and rewards.

_[Figure: A risk/reward graph with the vertical axis labeled ""Reward"" and the horizontal axis labeled ""Risk"". The upper right is labeled ""HIGH RISK: Big rewards, lots to lose"", and the lower left is labeled ""LOW RISK: Less to gain, less to lose"".]_

**Options:**
- **University:** A traditional 4-year university is expensive. You’ll have to take out a student loan for $40,000.
- **Community College:** A 2-year community college is affordable, but job opportunities after graduation may be more limited.
- **Get a job:** Skip college and get a full-time job. You’ll save tuition money, start earning, and can always go back to school later.

## Apply: Science Example *(slide 5)*

*10 min - Class*

Drag and drop the environmental advocacy options onto the risk/reward graph.  
Choose one option that you are considering and explain its risks and rewards.

_[Figure: A risk/reward graph with the vertical axis labeled ""Reward"" and the horizontal axis labeled ""Risk"". The upper right is labeled ""HIGH RISK: Big rewards, lots to lose"", and the lower left is labeled ""LOW RISK: Less to gain, less to lose"".]_

**Options:**
- **Protest Deforestation:** Protest deforestation by standing in front of a tree that officials are trying to cut down.
- **Write a Letter to the Principal:** Propose a school-wide recycling program and request $2,000 to buy recycling bins for all the classrooms.
- **Organize a Cleanup Event:** Lead a cleanup day where community members clean up and restore shared spaces.
- **Refuse Single-Use Plastics:** Commit to avoiding all disposable plastics in daily life.

## Apply: ELA Example *(slide 6)*

*10 min - Class*

You’re chosen to write a proposal to the principal to change a school policy. Weigh the risks and rewards of each policy change before you choose a topic.

_[Figure: A risk/reward graph with the vertical axis labeled ""Reward"" and the horizontal axis labeled ""Risk"". The upper right is labeled ""HIGH RISK: Big rewards, lots to lose"", and the lower left is labeled ""LOW RISK: Less to gain, less to lose"".]_

**Options:**
- College shouldn’t be encouraged for everyone
- Free Uber rides to school
- Install water bottle refill stations in school
- Schools should monitor kids’ cell phones to prevent bullying
- Advocate firing your least favorite teacher"
rose_thorn_bud,"Rose, Thorn, Bud",LL.SM.2.c,b0094ccf-3794-441e-8714-d56f5143d455,Adapting my approach,LL.SM.2,Pursuing Goals,LL,Students learn to evaluate whether their current approach to a challenge is effective and adapt as needed.,"When students need to reevaluate their approach because it isn’t working or when they are stuck. For example, in the middle of big projects, during lab experiments, etc.","Practice using the the Rose, Thorn, Bud method to reevaluate a project or plan when they get stuck.",None,"Access to Playlab. If each student has access, they can play in pairs or on their own. If only the teacher has access, play together on a projector as a class.",15-20 min,Small Group,"small groups, then whole class",,https://xq-learning-xq-engineering.vercel.app/activities/rose_thorn_bud,https://docs.google.com/presentation/d/1WwMbAjkIVF_nsN51wr01L-iSaCMqq9bhYNrMs99iQqA/copy,CC BY 4.0,© 2026 XQ Institute. Licensed under CC BY 4.0. https://creativecommons.org/licenses/by/4.0/,,"## Rose, Bud, Thorn *(slide 2)*

*5 min – Group*

> **Teacher note:**
> The purpose of this slide is to introduce the Rose, Bud, Thorn method and kickstart student thinking on how it can help them reevaluate their plans.
>
> Consider having students work in pairs to generate answers to these questions before sharing out as a class. Push them to think of more than one example for each question. The method works best when ideas start flowing.

Sometimes we get stuck, and we need to reevaluate our approach and adapt our plan.

Rose, Bud, Thorn is one great way to take another look at what’s really going on.

_[Figure: Icons depicting a red rose, a thorny stem, and a green bud next to their respective definitions.]_
- **Roses** are things that we did that are going well.
- **Thorns** are things that are not going well.
- **Buds** are new opportunities or possibilities.

Imagine you’re in the middle of your dream camping trip with your friends. You’ve packed all the essentials, set up the tent, and started a campfire. Just when you’re about to toast marshmallows, it starts pouring rain and the fire goes out.

- What’s still going well, even with the rain coming down? (Rose)
- What’s not going as you hoped for the ultimate camping experience? (Thorn)
- What creative or fun things might you and your friends do instead? (Bud)

## Adapting Your Approach – Example *(slide 3)*

*5 min – Class*

> **Teacher note:**
> Push students to get as many observations of Roses, Thorns, and Buds out on paper. They may start to see connections between the categories didn’t know existed e.g. is one of their excited volunteers an adult who can offer advice on project management?
>
> Stress the tip. Sometimes we get stuck in problem/solution mode, but a bud doesn’t have to be a full solution! It is just something with potential to explore.

How can you use the Rose, Thorn, Bud routine to problem solve in a project?

Let’s look at an example:

_[Figure: Icon of a green bud.]_

**Tip:**
Buds in particular can be hard to think of. Remember! A bud doesn’t have to be a solution. It can be any question, idea, or connection that you want to look into next.

**Project Goal:** Design an eco-friendly community garden

| Rose<br>What are some things that are working well | Thorn<br>What are some things that aren’t going well? | Bud<br>What are some ideas for what to try next? |
| :--- | :--- | :--- |
| - The local community is excited about the project and volunteers have signed up.<br><br>- The project has received a grant that covers most of the costs! | - Coordinating volunteer schedules has been hard.<br><br>- We are behind schedule.<br><br>- Volunteers aren’t accomplishing as much as we would hope. | - Are there volunteer coordination apps we can use?<br><br>- Appoint shift leaders to oversee specific volunteer time slots.<br><br>- Create task-specific checklists to share with volunteers<br><br>- Hold regular check-in meetings to check in on the project’s status. |

**The next thing I’ll try:** Create task-specific checklists to share with volunteers

## Adapting Your Approach – Apply *(slide 4)*

*5+ min – Group*

> **Teacher note:**
> Allow students 5+ minutes to discuss in pairs or small groups and then share with the class.
>
> If students struggle with buds, it may take some back-and-forth discuss to uncover new connections or opportunities. One strategy is look for way the roses might help them address the thorns, or to brainstorm a list of questions they still have about a thorn that they want to look into.
>
> Remind students that you’ll touch base within a specific time frame in the future to see how the new approach is going.
>
> What’s Next: consider using the Rose, Thorn, Bud routine as a way to check-in on projects regularly, even when there isn’t an immediate problem to address. The routine can surface roses to double down on, thorns students hadn’t thought hard about, or buds they hadn’t considered.

Now let’s apply the Rose, Bud, and Thorn framework to a problem we are facing.

Work with a team or in your group to brainstorm and discuss.

@Teacher: this routine is useful when the class encounters a problem. Use this space to provide any additional detail about the approach the class needs to reevaluate.

**Project Goal:**

| Rose<br>What are some things that are working well | Thorn<br>What are some things that aren’t going well? | Bud<br>What are some ideas for what to try next? |
| :--- | :--- | :--- |
| | | |

**The next thing I’ll try:**"
same_thing_different_angles,"Same Thing, Different Angles",FL.ID.1.a,2174292f-03a7-4615-834a-dc39957bd656,Synthesizing information,FL.ID.1,Making Meaning,FL,Students learn to deepen their understanding of a topic by exploring it from different perspectives.,"any time students might deepen their understanding of a topic by exploring it through multiple disciplines, domains or sources.",explore how different stakeholders in a city see the same topic.,None,Students will be working in teams of 4-5.,15 min,Small Group,"whole class, then groups of 4-5",,https://xq-learning-xq-engineering.vercel.app/activities/same_thing_different_angles,https://docs.google.com/presentation/d/1yUGi5VAKRe5YV7UMnG1-eqACtqvpyz0GECHfVHfnbEo/copy,CC BY 4.0,© 2026 XQ Institute. Licensed under CC BY 4.0. https://creativecommons.org/licenses/by/4.0/,,"## Before you start *(slide 1)*

> **Teacher note:** Note: This activity works by analogy: it asks students to look at the same issue (bike lanes) through the perspectives of different stakeholders in a city (a doctor, a developer, a professor) as a way to prepare them to look at the same academic topic through the lenses of different disciplines. (See the exploration of Michelangelo’s “David” [at the end](#michelangelos-david-slide-6) of this deck for more.)

## Bike Lanes *(slide 2)*

*Group | 1 min*

Traffic has been getting really bad in town, and the mayor thinks bike lanes might be a great solution. But before she proposes the idea to the Council, she wants you, her trusted team of advisors, to explore how different stakeholders* might think about bike lanes—and make sure she isn’t missing anything.

\*A stakeholder is someone who “holds a stake” in an issue—someone for whom it matters.

_[Figure: Commuters riding bicycles along a designated city bike lane adjacent to vehicular traffic during evening light.]_

## How does your stakeholder see it? *(slide 3)*

*Group | 6 min*

> **Teacher note:** Divide class into the 4 stakeholder groups
> 
> Optional: Instead of having students base their response on what they already know, you can challenge stakeholder groups to dig into the kind of data that might shape their stakeholder’s perspective. For example:
> - To learn how a doctor might think about bike lanes, students could read an article about rates of bike injury.
> - To better understand how a developer might see the issue, they could research how adding parking spaces can add to the value of a condo.
> - To get the perspective of an environmental sciences professor, students could explore the data on how shifting from cars to bikes can impact a city’s sustainability.

1. As a class, read over the 3 stakeholder descriptions below, then choose a fourth stakeholder whose perspective you should also understand in order not to miss something important about bike lanes.
2. With the members of your group, make a list of 3-5 reasons why your stakeholder…
   - would really like bike lanes
   - would not like bike lanes

**Group A: Real Estate Developer**  
Your stakeholder owns a lot of property in town. They’re focused on whether they can make a profit from buying land and building on it.

**Group B: Emergency Doctor**  
Your stakeholder is a doctor who works in the emergency room.

**Group C: Environmental Science Professor**  
Your stakeholder focuses on how communities work together to solve environmental challenges.

**Group D: Who else? (What’s another group of people who care about this issue?)**

## Apply *(slide 4)*

> **Teacher note:** You can use this approach on any topic you want your students to explore from different perspectives, e.g.
> - Implications of gene editing
> - Role of nuclear energy in combating climate change
> - Censorship in media
> 
> See the example in the Extras section for more.

1. What’s a topic we want to understand better?
2. What are different perspectives that might help us see interesting dimensions of this topic?
3. Divide up into teams—one for each perspective.
4. In your team: How would that perspective view this topic? (e.g., What would an economist focus on when considering the causes of the Civil War?)

_[Figure: A process diagram with a center box labeled ""Causes of the Civil War"", with dashed arrows radiating out to three perspective circles: ""Team A: Economics"", ""Team B: Politics"", and ""Team C: Culture"".]_

## Extras *(slide 5)*

*Class*

## Michelangelo’s “David” *(slide 6)*

Michelangelo’s “David”

- Team A: Art
- Team B: Psychology
- Team C: Engineering
- Team D: Anatomy

_[Figure: A full-length photograph of Michelangelo's marble statue of David, enclosed in an orange dashed border labeled ""Michelangelo’s “David”"", with dashed arrows pointing outward to four surrounding circles: ""Team A: Art"", ""Team B: Psychology"", ""Team C: Engineering"", and ""Team D: Anatomy"". Caption below the photo: Photos by Dan Coleman.]_

## A Work of Art *(slide 7)*

About 500 years ago, Michelangelo created a sculpture of David, the biblical character who used a slingshot to slay the giant Goliath. We can look at “David” from many different perspectives, and each one adds a dimension to the way we understand it.

You can think about “David” as a work of art, and explore what makes it beautiful.

_[Figure: Photograph of the upper torso and head of Michelangelo's ""David"". Caption below: Photos by Dan Coleman.]_

## A Work of Psychology *(slide 8)*

You can treat it as a work of psychology, and think about why Michelangelo didn’t portray David after he’d killed Goliath. Instead, he captured what David was feeling just before his encounter with Goliath—when he wasn’t at all sure that he’d win.

_[Figure: Close-up photograph of David's face, highlighting his concentrated and apprehensive facial expression. Caption below: Photos by Dan Coleman.]_

## An Engineering Perspective *(slide 9)*

You can approach “David” like an engineer, and investigate how Michelangelo solved the problem of supporting the statue’s weight.

_[Figure: Close-up photograph of the legs and base of the statue of David, showing the sculpted tree trunk supporting the right leg. Caption below: Photos by Dan Coleman.]_

## Anatomy and Other Perspectives *(slide 10)*

You can focus on how Michelangelo is trying to get the anatomy right...

…and you can also look at “David” from many other perspectives.

(For example: you can consider how the city of Florence used the story of David to advance its political goals, and present itself as an underdog in its struggle with Rome.)

_[Figure: Close-up photograph of David's right hand and thigh, showing intricate anatomical detail including veins and muscles. Caption below: Photos by Dan Coleman.]_

## Bonus: Why Diverse Teams Are Smarter *(slide 11)*

*Bonus*

Looking at a topic from different perspectives isn’t just better for understanding the subjects you learn at school. It can make a big difference at work, too. Studies have shown that teams composed of people from a range of backgrounds—who bring to their team a distinctive perspective that emerges from a particular experience—actually see issues more clearly, make better decisions, and come up with more innovative ideas.

> “Diverse teams are more likely to constantly reexamine facts and remain objective…. By breaking up workplace homogeneity, you can allow your employees to become more aware of their own potential biases — entrenched ways of thinking that can otherwise blind them to key information and even lead them to make errors in decision-making processes.”
> 
> — [(“Why Diverse Teams Are Smarter,”](https://hbr.org/2016/11/why-diverse-teams-are-smarter) David Rock and Heidi Grant, November 04, 2016, Harvard Business Review)"
shoe_race,Shoe Race,FL.MST.1.f,76821a6e-7e56-40ab-a196-5815fa7ac531,Using algorithms,FL.MST.1,Computational Thinking,FL,Students learn to create step-by-step instructions (algorithms) to achieve a goal.,When helping students break down the steps involved in solving a problem or developing a procedure; when emphasizing the importance of precise communication; when introducing the concept of algorithms.,"Create an algorithm for how to put on a shoe, test that algorithm with a partner, and build a new algorithm for a different situation.",(Optional) Bring different kinds of shoes to model the activity for your students.,Customize the task in Slide 7 to match your content area.,20 min,Pair,"solo, whole class, pairs, groups of 4, then solo",,https://xq-learning-xq-engineering.vercel.app/activities/shoe_race,https://docs.google.com/presentation/d/1t0ICow4XEdRlG6o0CY1YpNgcIbk3dRDI7iiQ281Ph3Q/copy,CC BY 4.0,© 2026 XQ Institute. Licensed under CC BY 4.0. https://creativecommons.org/licenses/by/4.0/,,"## Shoe Race *(slide 2)*

*5 min - solo*

Let’s see who can put on their shoes the fastest!

We’ll be doing this race in pairs. Here are the rules:

You have 5 minutes to draw your flowchart.

- You will create instructions for a partner to put on their shoes, including how to fasten them (laces, buckles, etc.).
_[Figure: Assorted shoes laid out on a white surface.]_
- Your instructions must be a flowchart and include at least one branch.
_[Figure: A flowchart with:
- ""Check weather""
- Down arrow to diamond: ""Is it below 70° F?""
- Arrow labeled ""yes"" to box: ""Wear a hoodie""
- Arrow labeled ""no"" to box: ""Wear a t-shirt""]_
- Your partner will follow your instructions step-by-step, like a robot.
_[Figure: Black shoe footprints.]_
- You’ll be randomly paired with your partner after you draw your flowchart.
_[Figure: White dice with black pips.]_

## Bonus Slide *(slide 3)*

<!-- REVIEW: hidden slide -->

*5 min - solo*

> **Teacher note:** Bonus slide - If your students could use help getting started, you can show this starter flowchart on the board. Go to “Slide” -> “Unskip Slide” to view this slide in Slideshow mode.
> 
> This example does not include the standard shapes used in flowcharts, such as diamonds to represent decisions. If you’d like your students to use these symbols, you can reference [this table](https://en.wikipedia.org/wiki/Flowchart#Common_symbols).

Remember:

- Create a flowchart for a partner to put on their shoes.
- You’ll be randomly paired with your partner.
- Your partner will follow your instructions step-by-step.

_[Figure: Starter flowchart:
- Box: ""Identify the shoe type""
- Down arrow to box: ""Does it have laces?""
- Arrow labeled ""yes"" to box: ""Loosen the laces"" -> down arrow to box: ""…""
- Arrow labeled ""no"" to box: ""…""]_

## Class Practice Round *(slide 4)*

*4 min - class*

> **Teacher note:** Ask for a student volunteer to try out their algorithm in front of the class. They’ll read it aloud while you follow the directions like a robot.
> 
> Students often provide instructions that lack specificity or sufficient steps. With a volunteer, identify and demonstrate potential misinterpretations to highlight these errors for the class.
> 
> For example, if a student says, ""Put on your shoe,"" you could: put on the left shoe instead of the right, put the shoe on another body part, place the shoe on top of your foot.
> 
> Stop the test run after modeling a few successful and unsuccessful steps.

Will a volunteer help give me instructions for how to put on my shoes in front of the class?

Read step-by-step instructions from your flowchart.

After this test run, everyone has 2 minutes to revise their flow charts before the race.

_[Figure: Various styles of shoes arranged together.]_

## Let’s get racing *(slide 5)*

*2 min - pairs*

> **Teacher note:** Match students in pairs, and give them 2 minutes to complete the race.
> 
> (Optional) If there are students who don’t want to participate in the shoe race, you could ask another volunteer to test their instructions with you in front of the class but with a different kind of shoe (lace-up, buckles, slip-on, etc.).

1. Partner A takes off their shoes.
2. Partner B gives them step-by-step instructions for putting on their shoes. Partner B can only read what’s already written on their flowchart.
3. Partner A must follow those directions like a robot.
4. After one partner has finished, switch roles.
5. When both partners are done, stand up.

_[Figure: A trail of footprints curving up the side of the page.]_

## Compare algorithms *(slide 6)*

*3 min - groups*

You created an algorithm, a set of step-by-step instructions to solve a problem.

Algorithms help us think through a solution and break it down into smaller parts to implement.

Pair with another pair. Discuss:

1. For your algorithms, what worked well? What didn’t?
2. Looking at your partner’s algorithms, are there any steps that are interesting or surprising?

After, make at least one change to your algorithm.

_[Figure: Two hands cupped holding a red apple and a green apple side-by-side.]_

## Apply *(slide 7)*

*5 min - solo*

> **Teacher note:** Customize the scenario and format for your content area.
> 
> Example scenarios:
> - (ELA) What’s an algorithm for working through through the multiple stages of drafting a paper?
> - (Math) How can I check my work after completing a problem?
> - (Science) How can I design an experiment?
> 
> Example formats:
> - Step-by-step instructions
> - Paragraph instructions
> - Pseudocode
> - Flowchart
> - Verbal instructions

What algorithm can you create for this scenario?

**Scenario:**  
How can I select my outfit for the day?

**Format:**  
Step-by-step instructions"
spotting_weak_claims,Spotting Weak Claims,OT.Crit.3.b,0ab9d348-b3aa-4f98-8a68-b24211c3c483,Analyzing contradiction,OT.Crit.3,Synthesis,OT,"Students learn to recognize weak claims that lack evidence and develop strong, well-supported claims.",Whenever students could use practice drawing solid inferences from challenging material of any kind.,"Explore how claims can be inconsistent with evidence, playfully experiment with making claims and evidence consistent by altering the evidence to support a shaky claim, and practice making solid claims that are grounded in the evidence.",None,You may want to choose a short portion of relevant content for students to use in practicing their inferential skills. (See: slide 5),10-15 min,Pair,"whole class, then pairs",,https://xq-learning-xq-engineering.vercel.app/activities/spotting_weak_claims,https://docs.google.com/presentation/d/1PmTXkif1smLTF5H8geFyDufdf2Cj5W1PwnNo3bzIYiw/copy,CC BY 4.0,© 2026 XQ Institute. Licensed under CC BY 4.0. https://creativecommons.org/licenses/by/4.0/,,"## Which Claim Is the Weakest? *(slide 2)*

*3 min - Class*

> **Teacher note:**
> - Play the [video clip](https://www.youtube.com/watch?v=N_sASevJEvk)
> - Help students see that “D” is the weakest claim: The Hulk is not “modest,” because he’s so eager to have the kids take pictures with him.
>
> *Note: As of 8/21/2024, this YouTube video clip has no ads. Please verify before showing to your class.

Based on what we see in this clip* from Avengers Endgame, which of these claims about The Hulk is the weakest?

The Hulk is:
a. Big
b. Green
c. Heroic
d. Modest
e. Generous

What’s one thing that happens in this clip that shows how weak this claim is?

_[Figure: Still from Avengers: Endgame showing Bruce Banner / The Hulk seated in a diner booth wearing glasses and a cardigan, smiling and gesturing with one hand.]_

If we make a claim, but can’t point to the facts that prove it, then people won’t believe us. We won’t be able to show them what we want them to see, because our claim is inconsistent with the evidence.

## Bend the Evidence to Fit the Claim *(slide 3)*

*3 min - Pair*

> **Teacher note:**
> - Have students fill in the blank red box in their pairs.
> - Ask 1-2 pairs to share their makeovers.
>
> Maybe you don’t need
> - To call out for ex and you’re turn (just add note telling design to make it clear)
> - To complicate things with the whole makeover idea—just ditch it

One way to get better at making strong claims is to practice making weak ones.

Let’s try a makeover of this scene from the movie so that our new version of the scene provides evidence for our weak claim about it.

**For example:**

In order for someone to believe that The Hulk is **modest**, they’d need to see something like:

*Bend the evidence to fit the claim*

“When the kids come over to ask for a picture, The Hulk says, ‘That’s sweet of you kids, but I couldn't have accomplished anything without my great team. How about we all get in the picture?’”

**Your turn:**

In order for someone to believe that Captain America is **angry** at The Hulk, they’d need to see something like:

*Bend the evidence to fit the claim*

*(Fill in what Captain America or The Hulk would say or do)*

## Take This Weak Claim and Make It Stronger *(slide 4)*

*3 min - Pair*

**1. Take this weak claim and make it stronger**

- **Weak claim:** In this scene, Ant Man shows how confident he is and how he doesn’t care what people think about him.
- **STRENGTHENED CLAIM:** *In this scene, Ant Man shows…*

**2. What detail from the Avengers Endgame movie clip provides evidence for your claim?**

- **EVIDENCE:** *(what Ant Man does or says)*

## Apply *(slide 5)*

*3 min - Pair*

> **Teacher note:**
> - You may want to replace one or more of these items with content that’s relevant to what your students are studying.

Choose 1 of these 3 weak claims and strengthen it so that it makes a solid claim about the material it’s interpreting.

### Option 1

**Weak claim:** The artist creates a sense of movement in this work by using the color blue.

_[Figure: Japanese woodblock print depicting people walking along a coastal path overlooking the sea, with Mount Fuji in the background.]_

---

### Option 2

**Weak claim:** This poster suggests that after WWI, the US government wanted people to believe that you needed to wear a hat in order to be a good American.

_[Figure: Poster showing Uncle Sam welcoming a diverse group of people, with text reading: ""Make the Fourth of July, AMERICANIZATION DAY, 'Many Peoples - but One Nation'"". Below the illustration, text continues: ""Make it the day of WELCOME to all the 13,000,000 foreign born. Make all residents become citizens. Make our fight-for-freedom immigrant feel that they are a part of and have a share in, America's common enterprise. Do your part by attending the Citizen's Celebration on July 4th. Pledge allegiance to your Flag and be helping others to become 'Americans First'. AND KEEP IT UP. Look in your newspapers for the time and place of the Citizen's Celebration in your town, and be sure to attend. NATIONAL AMERICANIZATION DAY COMMITTEE"".]_

---

### Option 3

**Weak claim:** Based on this diagram, it seems that one characteristic of power plant waste water that attracts manatees is that it contains more nutrients.

_[Figure: Map and legend titled ""Satellite Track and Water Temperature Log of the Movement of One Adult Manatee Over a 12-Hour Period"" showing a coastal waterway with a Key: Urban land, Bay water, Seagrass beds, Power Plant, and Water Temperature data points (circle: 13–19°C, square: 20–23°C, triangle: 24–26°C). Labeled: ""© 2023 The College Board"".]_

This diagram shows the movement of one manatee over a 12-hour period across an active shipping channel during the winter. Manatees are large, aquatic, herbivorous mammals that primarily eat seagrass. They cannot survive in water below 20 degrees celsius for long. Groups of manatees are often observed in shallow waters near the waste water released by electrical power plant during the winter."
talking_to_strangers,Talking to Strangers,GC.IS.3.a,3133ec7e-abcf-459c-97e2-c659e616c823,Understanding others' viewpoints,GC.IS.3,Building Empathy,GC,"Students learn to explore and understand others’ experiences—how they perceive their worlds, what matters to them, and the realities they inhabit.","Before students conduct interviews to practice/get comfortable asking questions that lead to deep insights, before activities that challenge students to open themselves to the unfamiliar perspectives they’ll be encountering in novels, historical documents, scientific theories, etc. (See: last slide), and as a community-building experience when you want to help your students get to know one other better.",Take turns asking one another deep questions and answering in ways that open themselves up to experiences that are likely unfamiliar.,"Notebook, or another non-digital place to record notes.",Replace the image on slide 5 with one related to the topic the class will be studying next. (Choose one that will get students thinking.) Students will be working together in pairs.,15-20 minutes,Pair,"pairs, then solo, then class",,https://xq-learning-xq-engineering.vercel.app/activities/talking_to_strangers,https://docs.google.com/presentation/d/1Pb1_iy00wIH0nGgWOIUQoZuZtRO6D4jKhGEDs16tiig/copy,CC BY 4.0,© 2026 XQ Institute. Licensed under CC BY 4.0. https://creativecommons.org/licenses/by/4.0/,,"## Pair Interviews *(slide 2)*

*Pairs | 3 min + 3 min*

> **Teacher note:** These interviews can prompt students to share in profound ways. If you want to reduce the intensity of the process, try organizing your students into groups of 3.
> 
> Follow-up questions help you understand what someone really means by their first answer. Urge your students to ask lots of them!
> 
> Writing down someone’s answers helps makes it clear that you’re really listening, especially when they’re talking about something that really matters.

A. Face your partner and take out a notebook so there’s no screen between you and them.

B. Ask 1 of these 3 questions:
1. If you could change anything about the way you were raised, what would it be?
2. Before making a phone call, do you ever rehearse what you are going to say? Why?
3. What would be a perfect day for you?

When they say something you want to know more about, ask why?\*

C. After 3 minutes, swap roles and repeat.

\*Pro tip: “looping.” After your partner answers, say back to them what you heard. Then check to make sure you heard what they really mean.

_[Figure: Two women seated opposite each other in conversation with a mug on the table, one listening intently while the other speaks.]_

## Reflection *(slide 3)*

*Solo: 3 min | Class: 5 min*

> **Teacher note:** Ask 2-3 students to share their answers.
> 
> Ask students to share their pro tips and save them somewhere if they’ll be conducting interviews soon.

1. What was one cool thing you learned about your partner?
2. After talking to them, do they seem more like you, or more different?
3. What’s the pro tip you’d give an interviewer who’s trying to find out what someone really thinks or feels?

_[Figure: Line drawing of two people in conversation; the person on the left has a speech bubble with a question mark, and the person on the right has a speech bubble with an exclamation mark.]_

## The 36 Questions *(slide 4)*

*Class | 3 min*

In 1997, a team of scientists led by professor Arthur Aron used these three questions (and 33 more like them) to get two strangers to fall in love. These people, who had never met before, walked into his lab through separate doors, sat face to face, answered 36 questions, and then stared silently into one another’s eyes for four minutes.

Six months later, they were married.

Why do you think it worked?

_[Figure: Line drawing of two people facing one another with a purple heart floating between them.]_

## Questioning Perspectives *(slide 5)*

*Solo: 3 min | Class: 5 min*

> **Teacher note:** Sometimes students can feel like the subjects they’re studying have little to do with who we are now.
> 
> We can take these subjects “out of the textbook” by treating the people involved like real people, who faced real challenges, and had reasons for what they did and thought and made.
> 
> This slide gets students generating questions to explore. Challenge them to find answers by looking for evidence of where these people were coming from.

We don’t get to interview the people we read about, but we can imagine how they might answer our questions.

Choose one of the people involved in this situation.

What question would you ask to understand what’s really going on?

Replace this section with a question that’s relevant to the topic you’re about to cover in class. You’ll find some examples in the “Extras” slides at the end of this deck.

## Build | Other Perspectives *(slide 6)*

Candice Anderson, ELA teacher at the Public Museum School in Grand Rapids, MI adapted this activity for her 11th grade ELA course.

As part of a unit on The Vietnam War, Candice asked her students to read one book that describes the experience of American soldiers during the war, and another that tells the story of a Vietnamese family that lived through it. Candice used this Competency Builder to warm up her students’ empathy muscle. They practiced understanding one another’s experience as a way to open themselves up to different perspectives on the war.

_[Figure: A chart titled ""SEEING THE SAME WAR THROUGH DIFFERENT PERSPECTIVES"" with rows for ""The Mountains Sing Ch. 1"", ""The Mountains Sing Ch. 2"", and ""The Things They Carried Ch. 1"", and columns:
- ""Who perpetuates harm? Who is harmed?""
- ""How does the violence affect the characters?""
- ""Who is separated from whom? Where are their family members?""
- ""What are the characters afraid of? What do they do when they are afraid?""
- ""What do they believe about death? Ancestors? Politics?""]_

Candice had her students read chapter one of The Mountains Sing aloud together, and then fill out the first row of boxes as a class. For chapter two, her students filled out the second row on their own, did a Think/Pair/Share, and then added a few more notes to the class’s chart. Lastly, they shifted to the first chapter of The Things They Carried, having created a set of “lenses” through which they could look at each story with the other in mind.

## Extras *(slide 7)*

## Example (History) *(slide 8)*

*Solo: 3 min | Class: 5 min*

> **Teacher note:** Sometimes, students can feel like the subjects they’re studying have little to do with who we are now.
> 
> We can take these subjects “out of the textbook” by treating the people involved like real people, who faced real challenges, and had reasons for what they did and thought and made.
> 
> This slide gets students generating questions to explore. Challenge them to find answers by looking for evidence of where these people were coming from.

We don’t get to interview the people we read about, but we can imagine how they might answer our questions.

Choose one of the people involved in this situation.

What question would you ask to understand what’s really going on?

_[Figure: Portrait of Abraham Lincoln next to a speech bubble asking: ""How did you think the world would change after you signed the Emancipation Proclamation?""]_

## Example (ELA) *(slide 9)*

*Solo: 3 min | Class: 5 min*

> **Teacher note:** Sometimes, students can feel like the subjects they’re studying have little to do with who we are now.
> 
> We can take these subjects “out of the textbook” by treating the people involved like real people, who faced real challenges, and had reasons for what they did and thought and made.
> 
> This slide gets students generating questions to explore. Challenge them to find answers by looking for evidence of where these people were coming from.

*Example (ELA): Choose a scene from a work of literature—especially one where there’s a lot going on under the surface.*

We don’t get to interview the people we read about, but we can imagine how they might answer our questions.

Choose one of the people involved in this situation.

What question would you ask to understand what’s really going on?

_[Figure: An image of an actor playing Hamlet holding a skull, next to a speech bubble asking: ""Why didn’t you just kill the new king when you found out he killed your father?""]_

## Example (Chemistry) *(slide 10)*

*Solo: 3 min | Class: 5 min*

> **Teacher note:** Sometimes, students can feel like the subjects they’re studying have little to do with who we are now.
> 
> We can take these subjects “out of the textbook” by treating the people involved like real people, who faced real challenges, and had reasons for what they did and thought and made.
> 
> This slide gets students generating questions to explore. Challenge them to find answers by looking for evidence of where these people were coming from.

*Example (chemistry): Aspect of a scientific topic (especially one where a particular scientific figure was deeply involved)*

We don’t get to interview the people we read about, but we can imagine how they might answer our questions.

Choose one of the people involved in this situation.

What question would you ask to understand what’s really going on?

_[Figure: A photograph of Niels Bohr labeled ""Niels Bohr, 1885-1962"" alongside a model of an atom, next to a speech bubble asking: ""What problem were you trying to solve with your model of the atom?""]_"
teamwork_tuneup,Teamwork Tune-Up,GC.IS.4.c,bd0fb7f3-1cd1-436e-9eb4-965438d48c63,Reflecting on our work,GC.IS.4,Productive Collaboration,GC,"Students learn to reflect on teamwork, identify areas for improvement, and develop strategies for effective collaboration.",As a check-in or reflection halfway into a team project.,Use a fun game as an opportunity to try out a framework for reflecting on how well their team is working together both during the game and on a project.,"Marshmallows, Dry Spaghetti Noodles, Masking Tape, String",Prepare game (see notes on Slide 2). Use an existing team project for students to reflect on for Slide 4.,20-30 min,Small Group,groups of 4-6,,https://xq-learning-xq-engineering.vercel.app/activities/teamwork_tuneup,https://docs.google.com/presentation/d/12rGyJFiPfuwI24NpG_Z1DwO67HORoLbcZa-cVxv7Mr0/copy,CC BY 4.0,© 2026 XQ Institute. Licensed under CC BY 4.0. https://creativecommons.org/licenses/by/4.0/,,"## Marshmallow Challenge *(slide 2)*

*10 min - groups*

> **Teacher note:** The [classic marshmallow tower game](https://www.marshmallowchallenge.com/) gives students a group experience to reflect on in the next part of the activity.
> 
> Don’t worry if you can’t find these materials! You can replace the Marshmallow Challenge with any other short task that gets students working together in teams.
> 
> If students are already in teams for another project, consider having them stay in those groups for this challenge.

Instructions:
- Form teams: 4-6 students.
- Objective: Build the tallest free-standing structure out of sticks of dry spaghetti, masking tape, and string, with a marshmallow on top.
- Time limit: 10 minutes.

## Marshmallow Challenge *(slide 3)*

*10 min - groups*

> **Teacher note:** Choose whether to have students create their own reflection charts, or share the slides as a digital worksheet.
> 
> Circulate and use observations you made during the game to help spark students’ thinking.
> 
> Call on teams to share big insights.

Use the framework on the right to reflect on how well your team worked together during the challenge.
- Have one team member take notes for the group.
- You have 5 minutes.

### Teamwork Tune-Up

- **What worked?**
- **What was challenging?**
- **What could we do differently?**
  - How could we improve our collaboration?
- **What additional support might we need?**
  - (From our teacher or other adults? Supplies? Time?)

## Apply *(slide 4)*

*10 min - groups*

> **Teacher note:** Conclude by encouraging students to continue using the Tune-Up grid anytime they are working together.

- Objective: Now do the same for a real project you are working on together.
- Focus your reflection on the project and the way you work together, but not critiquing individuals. It’s all about making the team better!

### Teamwork Tune-Up

- **What worked?**
- **What was challenging?**
- **What could we do differently?**
  - How could we improve our collaboration?
- **What additional support might we need?**
  - (From our teacher or other adults? Supplies? Time?)"
telling_stories_making_sense,"Telling Stories, Making Sense",OT.Crit.3.a,603563a3-c137-4c1b-9d76-a84816e82c0a,Making connections,OT.Crit.3,Synthesis,OT,Students learn how to connect isolated facts to form a complex understanding.,At the end of a class when students learn a lot of information and need to make sense of the facts they’re taking in.,Explore how stories help us make sense out of facts and then practice connecting the facts they’ve learned into concepts.,None,Optional: You may want to adapt this activity for the subject you’re teaching. Please see Teacher Notes for more on Slide 3 and Slide 4.,10-12 min,Individual,"solo, then whole class to solo",,https://xq-learning-xq-engineering.vercel.app/activities/telling_stories_making_sense,https://docs.google.com/presentation/d/1yykl1jTE61sTxhlZjPclGhavw94mYAMMJyTDI1zY19w/copy,CC BY 4.0,© 2026 XQ Institute. Licensed under CC BY 4.0. https://creativecommons.org/licenses/by/4.0/,,"## Making Sense of Facts *(slide 2)*

*Solo | 5 min*

1. Make a list of the facts this advertisement gives us.

_[Figure: A newspaper classified advertisement circled in red showing a pair of baby shoes with the text: ""For sale: Baby shoes. Never worn.""]_

2. What’s the story it tells?

One way we make sense of facts that feel disconnected is by telling a story that pulls them together.

## Facts About the Heart *(slide 3)*

*Solo | 5 min*

> **Teacher note:** Consider replacing this example with facts relevant to the subject you’re teaching. (On the other hand: students often enjoy exploring across content boundaries—and this stretching can help them learn competencies more deeply.)
> 
> A story that makes sense of these facts: The left side of the heart is thicker than the right, because the left ventricle pumps blood to the entire body, while the right only pumps blood to the lungs (a much shorter distance). Since it’s doing more work, the left side gets bigger—just like any muscle that gets more exercise.

Imagine that you’re in biology class, and you’ve just learned these facts about the heart:

_[Figure: Cross-section photograph of a dissected heart.]_

Fact: The heart is a muscle.

_[Figure: Diagram of blood circulation through the heart and lungs, with labels: ""High Pressure"", ""Low Pressure"", ""Lowest Pressure"", ""Highest Pressure"", ""Pulmonary Arteries"", ""Aorta"", ""Venae Cavae"", ""Left Atrium"", ""Right Atrium"", ""Left Ventricle"", ""Right Ventricle"".]_

Fact: The right side of heart pumps blood to the lungs through the pulmonary artery. The left side pumps blood to the rest of the body through the aorta.

_[Figure: Diagram of the four chambers of the human heart, labeled: 1 Right Atrium, 2 Left Atrium, 3 Right Ventricle, 4 Left Ventricle.]_

Fact: The heart is divided into four chambers, two on the right and two on the left.

Pull these facts together into a story that explains why the chambers on the left side of the heart are three times as thick as the ones on the right side.

## Exit Ticket *(slide 4)*

*Class → Solo | 5 min*

> **Teacher note:** Have the class come up with a list of the facts they learned today. Post the list where everyone can see it.
> 
> (Alternatively, you might provide your students with a shorter list of facts from a recent lesson.)

Choose 3 facts you learned today.

Come up with a story that makes sense of how they fit together.

## Bonus Reflection Slide! *(slide 5)*

*Class | 5 min*

> **Teacher note:** Students often find Whitehead’s idea compelling, …but they’ll need to wrestle with some dense language to get through the passage. Skip this slide unless you want to spend some time helping your students make sense of it.
> 
> (We think Whitehead is arguing that an education shouldn’t feel like a laundry list of disconnected facts. Instead, it should get students combining a few crucial ideas in ways that make sense in their own lives.)

In a speech he gave on the Aims of Education, Alfred North Whitehead said:

The results of teaching small parts of a large number of subjects is the passive reception of disconnected ideas, not illumined with any spark of vitality. Let the main ideas which are introduced into a child’s education be few and important, and let them be thrown into every combination possible. The child should make them his own, and should understand their application here and now in the circumstances of his actual life.

_[Figure: Portrait photograph of Alfred North Whitehead.]_

What do you think Whitehead means?

## Credits

Modified image, [source here](https://commons.wikimedia.org/wiki/File:Diagram_of_the_human_heart_(cropped)-sv.svg#/media/File:Diagram_of_the_human_heart_(cropped).svg/2). Used under [Creative Commons BY-SA 3.0 license](https://creativecommons.org/licenses/by-sa/3.0/)."
the_birds,The Birds,GC.SA.1.a,c4ed5e65-ef5d-49ad-9478-143f02ed730e,Collaborating across difference,GC.SA.1,Diverse Perspectives,GC,Students learn to seek out and appreciate diverse perspectives when collaborating.,As an introductory activity when students form new teams or in the middle of a creative project.,Complete a brainstorming activity and compare strategies and assumptions with their teammates.,None,Groups of 3-4. Customize Slide 9 with a problem or project from your class.,15 min,Small Group,"solo, groups of 3-4, and whole class",,https://xq-learning-xq-engineering.vercel.app/activities/the_birds,https://docs.google.com/presentation/d/1LonXm3cANdDubWNcCl5lEw3u8OcCzOL_atG1FFKyi2Y/copy,CC BY 4.0,© 2026 XQ Institute. Licensed under CC BY 4.0. https://creativecommons.org/licenses/by/4.0/,,"## Think Fast! *(slide 2)*

*3 min - Solo / Group*

> **Teacher note:** Slides 2-5 are a set to facilitate a quick thinking game with 3 steps, 1 minute each.

Take out a piece of paper and a pencil or pen.

No talking or asking questions!

READY…SET…

_[Figure: A spiral-bound notepad and a sharpened pencil.]_

## GO! *(slide 3)*

*3 min - Solo / Group*

> **Teacher note:** Give students 1 minute to write their lists.
> 
> Before moving onto the next step, ask students to count their number of birds. Who has 5 or more birds? Who has 10 or more?

_[Figure: A checkered racing flag next to the text ""GO!"". Three step panels numbered 1, 2, and 3 are displayed below, with Step 1 active.]_

### Step 1
*Individual (1 min)*

List as many names of birds as you can.

## Step 2 *(slide 4)*

*3 min - Solo / Group*

> **Teacher note:** Give the student teams 1 min for discussion before the next individual step.

### Step 1
*Individual (1 min)*

List as many names of birds as you can.

### Step 2
*As a team (1 min)*

Discuss strategies.  
You cannot share specific names of birds, but you can talk about how you thought about your list.

## Step 3 *(slide 5)*

*3 min - Solo / Group*

> **Teacher note:** Give students 1 minute to write their lists.
> 
> Ask students to count their number of birds. Who has 5 or more birds? Who has 10 or more?
> 
> Ask students to compare their lists and raise their hands if they came up with more bird names the second time.

### Step 1
*Individual (1 min)*

List as many names of birds as you can.

### Step 2
*As a team (1 min)*

Discuss strategies.  
You cannot share specific names of birds, but you can talk about how you thought about your list.

### Step 3
*Individual (1 min)*

Flip your paper over.  
List as many names of birds as you can.

## Birds Activity Review *(slide 6)*

*3 min - Class*

> **Teacher note:** Discuss these questions one at a time. Ask at least 3 students per question to share with the class.
> 
> Debrief strategies students shared during Step 2 of the game.
> 
> Surface assumptions students may have made about the prompt. Often, students make the assumption that bird names must be living species of birds, but usually some students think of bird names that break that pattern (like the examples in the next slide) and surprise their classmates.

1. What strategies did you use to come up with bird names? Did anyone use a strategy from a teammate they hadn’t thought of?
<!-- REVIEW: ""Larry Bird"" appears in the slide text inventory between questions 1 and 2, but is not visible on the slide. -->
2. What were the strangest bird names you came up with?

## What about these birds? *(slide 7)*

*1 min - Class*

*(Bonus Slide)*

> **Teacher note:** Show these pictures if students could benefit from more examples of strange bird names. Or, delete this slide and keep these examples for your own reference.
> 
> These pictures represent bird types that students may not have considered, like:
> - Bird characters
> - Names that people might give their pet birds
> - Mythical birds etc.

What about these birds?

_[Figure: Five pictures illustrating unexpected types of birds: cartoon character Donald Duck labeled ""Donald Duck""; an extinct dodo labeled ""Dodo""; basketball player Larry Bird in a Boston Celtics jersey labeled ""Larry Bird""; Muppet character Big Bird labeled ""Big Bird""; and a mythical fiery bird labeled ""Phoenix"".]_

- Donald Duck
- Dodo
- Larry Bird
- Big Bird
- Phoenix

## Two Ingredients for Thinking Outside the Box *(slide 8)*

*3 min - Solo → Group*

> **Teacher note:** Discuss these terms and ask students for more examples.
> 
> For assumptions, challenge students to list as many assumptions as they can generate. Here are some they may not have considered: Birds must be scientific species, birds must be real (i.e. not mythical or fictional) or birds must be able to fly.

### 1. Strategies
The way you approach a situation
- Imagine all the birds at a zoo.
- List all the categories of birds
- ?

### 2. Assumptions
The things you believe are true about that situation, often without proof.
- Bird names must be in English
- Birds I list must not be extinct
- ?

Take 1 minute to reflect on your own:
- Where did your strategies and assumptions come from?
- How did talking to others change how you tackled this problem?

Then, share your thoughts with your team.

## Apply *(slide 9)*

*5 min - Group*

> **Teacher note:** Customize it: Replace the highlighted phrase with an actual problem or project you’re working on in class.

### Use IDEA to work better together

- We all contribute different ways of thinking because of our unique perspectives and backgrounds. By working together, we can come up with more interesting ideas and strategies that expand what’s possible for everyone.
- For a problem you’re currently working on in class, follow the IDEA steps with your team:

| | STEP | EXAMPLE QUESTIONS TO ASK |
| :--- | :--- | :--- |
| **I** | Individually reflect on your own perspective. | What ideas and assumptions do I have about this problem? |
| **D** | Discover others’ unique perspectives. | How did you approach this problem? |
| **E** | Expand your own perspective to include others’ ideas and approaches. | How can I consider and incorporate other perspectives? |
| **A** | Apply your expanded perspective to come up with new ideas and approaches. | How might we change our strategies or assumption? What new ideas can we come up with? |"
upstanders,Upstanders,GC.SAg.1.b,dd16b571-8e7a-4dc6-ae47-99e0d7767a0d,Self and Community,GC.SAg.1,Community Advocacy,GC,"Students learn to understand the various meanings of privilege and its impacts, and to view people and situations—past, present, and future—with greater empathy.","during lessons on social studies, civics, and teamwork. At the beginning of the school year, this activity can develop your classroom community’s commitment to the values of empathy, perspective-taking, and challenging assumptions.","students take note of how they have experienced privilege individually, reflect on these experiences as a group, and consider how this understanding of privilege might shape the actions they take in the future.","Writing stations set up around the room (e.g., chart paper, white boards, etc.) Writing tools or sticky dots.",Select 7-10 from Slide 6 and post each at a different station around the room.,20 min,Whole Class,"pairs, solo, then whole class",,https://xq-learning-xq-engineering.vercel.app/activities/upstanders,https://docs.google.com/presentation/d/1_0c5ZHDCKPKFM4k8wqBGXFZyElUWpE1rppH3q8GB3Hk/copy,CC BY 4.0,© 2026 XQ Institute. Licensed under CC BY 4.0. https://creativecommons.org/licenses/by/4.0/,,"## Before you start

> **Teacher note:** Note: Although this activity starts with students noting the different ways they have experienced privilege, it does not focus on any individual students’ experience. Reminders throughout the activity help teachers steer away from singling out individuals, and focus instead on patterns that run through the group’s experience as a whole.

## Think, Pair, Share *(slide 2)*

*3 min - Group*

> **Teacher note:** David Gaider is a game developer who [advocates for equity and inclusivity in role-playing games](https://www.gamespot.com/articles/an-industry-divided/1100-6406257/).

> “Privilege is when you think something is not a problem because it’s not a problem for you personally.”  
> —David Gaider

### Think, Pair, Share.

1. What does Gaider mean? Rephrase his quote in your own words.
2. Gaider seems to think that most of us are not aware of the privileges we hold. Do you agree?

## Classroom Stroll *(slide 3)*

*7 min - Solo*

> **Teacher note:** Before beginning this step in the activity, you may want to remind your students of any work you’ve done together on courageous conversations, community agreements, and/or respecting the experiences of other students. Help keep students focused on their own experiences—instead of their peers’

Read the statements posted around the room.

When you see a statement that applies to you, put a mark by it.

> Note: It may feel awkward or uncomfortable to think about these statements, but don’t worry: that’s normal!  
> For example, you might think:
> - OMG, that happened to me one time.
> - Yeah, no. I haven’t experienced that EVER.
> - Hmm, I never really thought of that as an issue.  
> 
> All of these reactions are totally legitimate.

_[Figure: An illustration of students standing in front of a wall of colorful posters and sticky notes, reading and placing marks.]_

## Discuss *(slide 4)*

*5 min - Class*

> **Teacher note:** Students can work in small groups or as a whole class.  
> 
> Keep the discussion focused on patterns—and don’t let students single out one another individually.

1. As you look around the room, notice which statements have the most marks and the fewest.
2. What reasons might explain these differences?

_[Figure: Three sample posters displayed on a wall showing statements with checkmarks on sticky notes:]_
- Poster 1: ""I can walk around my neighborhood without fear."" (5 checkmarks: ✔ ✔ ✔ ✔ ✔)
- Poster 2: ""I can speak my native language in public with pride."" (4 checkmarks: ✔ ✔ ✔ ✔)
- Poster 3: ""I can express my social values without fear of judgment."" (2 checkmarks: ✔ ✔)

## Upstanders *(slide 5)*

*3 min - Class*

Today we explored the ways that privilege affects each of us differently.

When we address these questions head on, we shift from being bystanders (who watch things happen from the sidelines) to upstanders (who stand up for what we believe is right).

But before we can make this shift—and do something about privilege—we first have to notice that it exists.

So, we’re going to close with a challenge:

### Notice
Think of a time when you saw privilege happening around you. Write 2-3 sentences about what you noticed.

### Act
- When you see someone (in your class or your community) acting like an upstander, let them know you noticed.
- Keep an eye out for those moments when your own privilege makes room for you to stand up for someone else.

## Scenarios for Exploring Privilege *(slide 6)*

*5 min - Class*

> **Teacher note:** Choose 7-10 scenarios that will resonate with you students.

1. I can wear clothing that reflects my cultural heritage or political opinions without fear of ridicule.
2. I can speak my native language in public with pride.
3. I can talk about my personal values without having to defend them.
4. I can easily find mentors and role models who share some part of my identity.
5. I can use social media without encountering hate speech or targeted harassment.
6. I can speak out on social and political issues without fear of retribution or ostracism.
7. I can go to the doctor and easily find a healthcare provider who understands my ethnic and/or cultural background.
8. I can find a variety of hair and skin care products that suit my physical attributes.
9. I can navigate public spaces without worrying about accessibility issues.
10. I can walk around my neighborhood without fear.
11. I can speak up in class without being judged based on my accent or appearance.
12. I can go into a store without being followed or harassed.
13. I can express my opinions and have them taken seriously without being judged by my age.
14. I can see people like me widely represented in positions of power and authority.
15. I can pursue hobbies and interests without worrying about being excluded or judged.
16. I can practice my faith publicly and privately without fear of persecution or ridicule.
17. I can express pride in my country’s history and heritage without fear of backlash.
18. I can find transportation to and from school without difficulty.
19. I can express my social values without fear of judgment or government interference.
20. I can participate in school events without worrying about the cost of participation.
21. I can dream big about my future without having people assume I’ll never achieve those dreams."
what_locked_in_looks_like,"What ""Locked In"" Looks Like",LL.SD.1.a,78e35e97-50bc-4b36-9a92-018f6deefd7d,Creating conditions for learning,LL.SD.1,Self-Motivation,LL,Students learn to gain awareness of what true engagement feels like and to design their environments to support their best work.,"Before a big, independent project, or any time students need to muster the motivation to dig into hard work, or after they’ve completed a big project and have a chance to identify the factors that built their motivation or got in its way.","Remember moments when they were “in the zone,” identify the factors that support these highly engaged experiences, and come up with experiments for to create more of them.","Paper, Pens/pencils",None,10-15 min,Pair,"solo, then pairs",,https://xq-learning-xq-engineering.vercel.app/activities/what_locked_in_looks_like,https://docs.google.com/presentation/d/1r-SZG6uIXcIMCm0GhFhk3L8_OJKIHfEEf5rBmf6c_5Q/copy,CC BY 4.0,© 2026 XQ Institute. Licensed under CC BY 4.0. https://creativecommons.org/licenses/by/4.0/,,"## Locked In *(slide 2)*

*Solo: 1 min → Pair: 2 min*

> ""I'm locked in when I'm completely focused, when I'm not thinking about anything else but the game. It's like being in a zone where everything slows down and I can react to everything that's happening.""  
> — LeBron James

_[Figure: Photo of LeBron James in a yellow Lakers jersey, looking intensely focused and pointing across the basketball court.]_

- What do you think LeBron does to prepare himself to be ""locked in"" when he’s playing?
- Which of those things could LeBron do when he needs to get “locked in” off the court?

## Think of a moment when you were “in the zone.” *(slide 3)*

*Solo: 1 min → Pair: 2 min*

> **Teacher note:** We want students to picture what it feels like when they’re intensely involved in what they’re doing—so they can aim for this same feeling when doing work for school.
> 
> Encourage students to choose a moment from any part of life: playing sports, biking through city traffic, listening to music, working at their job, etc.

Draw a picture of when you were locked in.  
(Stick figures are fine!)

_[Figure: Photo of basketball player Caitlin Clark in an Indiana Fever jersey shouting intensely on the court.]_

## What was it like for you when you were locked in? *(slide 4)*

*Solo: 1 min → Pair: 2 min*

> **Teacher note:** As students complete their maps, circulate and nudge them to capture the specifics of what was happening outside and inside. Where were they? Who were they with? What was going on in the background? In their heads?
> 
> After 2 minutes, ask 2-3 students to share—to inspire their peers.
> 
> When students think about why some things help them focus and others distract them, they can learn more about who they are and how they operate.

Fill in all four quadrants of the map.

_[Figure: A four-quadrant map divided diagonally with a silhouette of a person's head in the center:
- Top: Think and feel?
- Right: See?
- Bottom: Say and do?
- Left: Hear?]_

## What’s something you could try tomorrow* to help you do your best work? *(slide 5)*

*Solo: 1 min*

> **Teacher note:** Let your students know that you’ll be checking in—to help them explore whether their experiments worked or didn’t, and why.

Example idea:
> *Meet Yung Mi in the library before school starts.*

\*We’ll check in tomorrow to find out what you tried and what you learned from it.

_[Figure: Photo of two students sitting together at a library table, focused on a laptop screen and notebook.]_  
[Photo citation: adobestock](https://stock.adobe.com/images/focused-high-school-friends-cooperating-on-class-project-together-young-college-students-hipster-girls-studying-in-campus-library-sitting-at-laptop-talking-watching-webinar-online-lecture/619519147?asset_id=619519147)

## Remix: Using 1:1 coaching to create individualized motivation plans *(slide 6)*

Nate Langel, a science teacher at the Public Museum School in Grand Rapids, MI adapted this activity while working with students on credit recovery.

Recognizing that his students could use some extra motivation before returning to school for the summer, Nate asked them to think about the specific things they’d need to get their best work done.

Nate wrapped the activity by conferencing with each of his students. As they explained their “locked-in” pictures, Nate asked for more detail about what their best work felt like and how particular factors helped them focus.

Together, Nate and his students sketched out ideas for how they might keep themselves motivated through the long days of summer.

### Student Examples

_[Figure: A student's hand-drawn quadrant map noting feeling ""mellow,"" hearing ""sometimes loud or silent,"" and seeing ""words.""]_  
One student realized that the action figures on her desk at home felt like teammates rooting for her—and decided to bring a figure to school with her.

_[Figure: A student's hand-drawn quadrant map noting that it ""FELT COOL,"" hearing ""GAME SOUNDS,"" seeing ""ALL THE OTHER PLAYERS,"" and saying ""RANDOM MAD WORDS.""]_  
Another student's ""in the zone"" reflection about video games helped him identify a local computer recycling company as the audience he wanted to target for a résumé-writing ELA assignment.

_[Figure: A student's hand-drawn quadrant map noting thinking about ""what their lives were like,"" seeing ""people,"" and talking ""about the hurt itself.""]_  
One young woman realized how focused she felt during her job at a nursing home. She and Nate started thinking about how she might tap into this passion for her independent project."
when_evidence_comes_first,When Evidence Comes First,FL.ID.3.c,76686170-cb28-4454-9e36-ce42b3b47c85,Using evidence,FL.ID.3,Critical Dialogue,FL,Students learn to base claims on careful observation by exploring evidence to build arguments rather than seeking support for preconceptions.,"Anytime students need practice in careful, imaginative analysis and disciplined inference.","Move through several rounds of noticing, inferring, and wondering—each time, focusing on different sources.",None,Choose a primary source relevant to a topic you’re about to cover. Insert it here.,15-17 min,Whole Class,"solo, then whole class",,https://xq-learning-xq-engineering.vercel.app/activities/when_evidence_comes_first,https://docs.google.com/presentation/d/1IZciDmhngCiGCUOqWEV-riRKWc_p137s0ZDg13Lq2NU/copy,CC BY 4.0,© 2026 XQ Institute. Licensed under CC BY 4.0. https://creativecommons.org/licenses/by/4.0/,,"## Initial Observation *(slide 2)*

*Solo: 2 min / Class: 2 min*

> **Teacher note:**
> Discuss what students see, think, and wonder. Remind them that there are no wrong interpretations.
> Stand by the image so you can point to the details that students observe and help them connect their evidence to their inference.
> If your students need some coaching, think aloud for them.
> For example:
> I see that sign is really big. So I’m thinking maybe the person who put it up wants people who aren’t Americans to feel scared. And I wonder how old that car is.

_[Figure: A black-and-white photograph showing the street view of a grocery store front (""WHITE & POLLARD GROCERY"", ""WANTO CO."") with a large sign in the window reading ""I AM AN AMERICAN"". A vintage automobile is parked along the curb in front of the store.]_

Take a good look at the image, silently, for 30 seconds.

1. What do you notice? Write down all the things you see.
2. What do you think about two of your observations?
3. What do you wonder? What’s one question you need to answer to understand this picture?

## Looking Deeper *(slide 3)*

*Solo: 2 min*

> **Teacher note:**
> In this slide and the next, we add more information for students to investigate.
> We want students to notice how our insights change as we focus on different parts of the thing we’re observing—and as we listen to what other people see and think about it.

_[Figure: A slightly wider crop of the same black-and-white photograph, revealing more of the building's architecture and additional signage reading ""FRUITS AND VEGETABLES"", ""WHITE & POLLARD GROCERY"", ""WANTO CO."", and ""I AM AN AMERICAN"".]_

1. What else do you see?
2. What do you think now?
3. What do you wonder?
Have you answered your last question?
Is there something else you need to figure out?

## Adding Context *(slide 4)*

*Solo: 2 min*

_[Figure: The black-and-white photograph of the grocery store with the ""I AM AN AMERICAN"" sign. Overlaid on the lower left of the image is a text box reading: ""This sign was placed in the window of a store in Oakland, CA on December 8, 1942, the day after the attack on Pearl Harbor."" Below the image reads: ""Photo: Dorothea Lange (1942)"".]_

1. What else do you see?
2. What do you think now?
3. What do you wonder?
Have you answered your last question?
Is there something else you need to figure out?

## Alternative Observation *(slide 5)*

*Solo: 2 min*

> **Teacher note:**
> Optional: You can take students through another round of observation & inference using this very different image. (It focuses on a person; it’s contemporary; it’s in color, etc.)
> This additional round will give students practice transferring this approach across subjects
> If your students do analyze this image, you might use it on the [next slide](#developing-thoughts-slide-6) instead of the “I am an American” image.

_[Figure: A color photograph of a young woman standing in front of a bathroom mirror, looking at her reflection while styling her hair with hairspray.]_

Take a good look at the image, silently, for 30 seconds.

1. What do you notice?
2. What do you think?
3. What do you wonder?

## Developing Thoughts *(slide 6)*

*Solo: 2 min / Class: 3 min*

> **Teacher note:**
> Ask 2-3 students to share the details they observe and what they infer from them.
> Stand by the image so you can point to the details & remind your students that evidence is a way to show someone else where our idea comes from.

_[Figure: The black-and-white photograph of the Oakland grocery store with the large ""I AM AN AMERICAN"" sign in the window and the vintage car parked out front.]_

Take 2-3 of your observations, or those you heard from your classmates, and write what they make you think.

## Claims We Earn *(slide 7)*

*Group: 1 min*

Sometimes we start with the claim we want to make and then go looking for evidence to support it.

But other times, the evidence comes first. We start by looking hard at the clues in front of us, and then we try to figure out what they mean—what story they’re trying to tell us.

Those are the claims we earn.

_[Figure: A diagram with two steps. Step 1 shows a thumbnail of the Dorothea Lange photograph labeled ""Evidence"", with an arrow pointing to step 2 labeled ""Claim"". Next to the diagram is a photograph of an investigator holding a cup of coffee while studying an evidence investigation board covered with documents, notes, question marks, and map clippings.]_

[Photo source](https://stock.adobe.com/video/handsome-male-policeman-with-holster-drinks-coffee-while-doing-investigation-at-his-office-african-american-private-agent-taking-a-sip-of-coffee-in-front-of-crime-board-high-quality-4k-footage/522871446?prev_url=detail&asset_id=522871446)

## Primary Source Investigation *(slide 8)*

*Group / Class: 3 min*

Replace with a primary source relevant to the topic you’re about to cover in class. You’ll find some examples in the “[Extras](#extras-slide-9)” slides at the end of this deck.

1. What else do you see?
2. What do you think, now?
3. What do you wonder?

## Extras *(slide 9)*

## Example (ELA) *(slide 10)*

*Class: 2 min*

> **Teacher note:**
> Ask 3-5 students:
> What do you notice in this image?
> …then ask them what kinds of claims they might make about what they see.

**Example (ELA):** Choose a passage from a novel (opening paragraphs are especially worth exploring).

> CHAPTER I
> 
> IN MY YOUNGER and more vulnerable years my father gave me some advice that I’ve been turning over in my mind ever since.
> “Whenever you feel like criticizing any one,” he told me, “just remember that all the people in this world haven’t had the advantages that you’ve had.”

1. What else do you see?
2. What do you think, now?
3. What do you wonder?

## Example (bio/chem/physics) *(slide 11)*

**Example (bio/chem/physics):** Image-based investigation

_[Figure: A color photograph of a large multi-tiered waterfall cascading down moss-covered rocks surrounded by dense forest, emptying into a clear pool with a small rock cairn on the bank in the foreground.]_

[https://stock.adobe.com/images/upper-catabwa-falls/65742204](https://stock.adobe.com/images/upper-catabwa-falls/65742204)

1. What else do you see?
2. What do you think, now?
3. What do you wonder?

## Example (history) *(slide 12)*

**Example (history):** passage from a primary source

> IN CONGRESS, July 4, 1776
> 
> The unanimous Declaration of the thirteen united States of America,
> 
> When in the Course of human events, it becomes necessary for one people to dissolve the political bands which have connected them with another, and to assume among the powers of the earth, the separate and equal station to which the Laws of Nature and of Nature’s God entitle them, a decent respect to the opinions of mankind requires that they should declare the causes which impel them to the separation.

1. What else do you see?
2. What do you think, now?
3. What do you wonder?

## Example (history): Comparing Drafts *(slide 13)*

**Example (history):** Compare a primary source to an earlier draft.

> IN CONGRESS, July 4, 1776
> 
> The unanimous Declaration of the thirteen united States of America,
> 
> When in the Course of human events, it becomes necessary for one people to dissolve the political bands which have connected them with another, and to assume among the powers of the earth, the separate and equal station to which the Laws of Nature and of Nature’s God entitle them, a decent respect to the opinions of mankind requires that they should declare the causes which impel them to the separation.

_[Figure: An image of Thomas Jefferson's rough draft manuscript of the Declaration of Independence, showing handwritten script with strike-throughs, revisions, and editorial marginalia.]_

1. What else do you see?
2. What do you think, now?
3. What do you wonder?"
who_can_i_turn_to,Who Can I Turn To?,LL.SD.3.a,20c903fc-8aee-4bea-854c-9f3f40b1d235,Identifying allies,LL.SD.3,Self-Advocacy,LL,Students learn to identify the people they can turn to for the support they need.,"When students could use other people’s help, inside or outside the classroom.",Create a map of the people who can support them on a particular project. They write appreciations to these people and ask for help from a potential ally.,None,Replace the text on slide 4 with a current project or goal in class.,15 min,Individual,"whole class, then solo",,https://xq-learning-xq-engineering.vercel.app/activities/who_can_i_turn_to,https://docs.google.com/presentation/d/1NfsPCdlzCcnOU2viE3eGi01wAyCoonkWUg9EQHWyb78/copy,CC BY 4.0,© 2026 XQ Institute. Licensed under CC BY 4.0. https://creativecommons.org/licenses/by/4.0/,,"## Jackie Robinson and Pee Wee Reese *(slide 2)*

*3 min - Class*

> **Teacher note:** Ask a student to read the Jackie Robinson quote as an example of how allies can provide support.
>
> Then, ask another student to describe what happened in their own words.
>
> To transition to the next slide, remind students, “There are times when we all need allies who we know will have our back. Who are yours?”

_[Figure: Black-and-white photograph of Brooklyn Dodgers teammates Jackie Robinson and Pee Wee Reese in uniform, smiling with Reese's arm resting around Robinson's shoulders.]_

In 1947, Jackie Robinson joined the Brooklyn Dodgers and became the first Black ballplayer to play in the major leagues.

Pee Wee Reese stood up for Robinson early in his career, and they went on to become lifelong friends.

“I’ll never forget the day when a few loud-mouthed guys on the other team began to take off on Pee Wee Reese. They were joshing him very viciously because he was playing on the team with me and was on the field nearby. Mind you, they were not yelling at me; I suppose they did not have the nerve to do that, but they were calling him some very vile names and every one bounced off of Pee Wee and hit me like a machine-gun bullet.

Pee Wee kind of sensed the hopeless, dead feeling in me and came over and stood beside me for a while. He didn’t say a word, but he looked over at the chaps who were yelling at me through him and just stared. He was standing by me, I could tell you that. Slowly the jibes died down, like when you kill a snake an inch at a time, and then there was nothing but quiet from them. It was wonderful the way this little guy did it. I will never forget it.”

Jackie Robinson, quoted in *The Brooklyn Eagle*, 1949

## Who’s in your life? *(slide 3)*

*3 min - Solo*

> **Teacher note:** Consider modeling this process for students by creating your own personal ecomap, or changing the example to fit your class’ content or students’ interests.

Ecomaps trace our connections to the people who might support us.

1. Put your name in the middle.
2. Add bubbles with names of people who are a part of your life.

Feel free to use initials or pseudonyms for the people on your map.

_[Figure: An ecomap diagram titled ""Example: Frodo’s goal = Destroy the One Ring at Mordor"". A center box is labeled ""Frodo"". Surrounding circular bubbles are labeled ""Sam"", ""Gandalf"", ""Gollum"", ""Galadriel"", ""Aragorn"", and ""…"".]_

## Create an ecomap *(slide 4)*

*3 min - Solo*

> **Teacher note:** Customize this slide. Insert a task or project your class is facing in the box.
>
> Ecomaps can also help students understand additional aspects of their relationships, such as support services or community resources.
>
> To learn more about ecomaps, see: [Ecomaps - Safeguarding Network](https://safeguarding.network/content-delivery/ecomaps/) and [Ecomaps: Guide For Social Workers, Examples and Templates](https://www.socialworkerstoolbox.com/ecomap-activity/)

Now add connections to your ecomap.
Think about how each connection might help you reach your goal:

Goal: [Teacher, insert a current student project goal here.]

- Thicker lines = stronger support.
- Arrows = direction of support.

Keep adding more bubbles and connections as you think of them.

_[Figure: An ecomap diagram titled ""Example: Frodo’s goal = Destroy the One Ring at Mordor"". In the center is a box labeled ""Frodo"", surrounded by bubbles labeled ""Sam"", ""Gandalf"", ""Gollum"", ""Aragorn"", ""…"", and ""Galadriel"". Green connection lines are drawn: a thick double-ended arrow between Frodo and Sam, a medium double-ended arrow between Frodo and Gandalf, and a thin arrow pointing from Aragorn to Frodo. Gollum, Galadriel, and ""…"" have no connecting lines.]_

## Appreciation and Ask *(slide 5)*

*5 min - Solo*

> **Teacher note:** Discuss how we need to work on relationships, intentionally, to keep them healthy.
>
> Regularly sharing our gratitude—or asking for help—are easy ways to build our connections with the people who matter to us.
>
> What’s next: Use ecomaps to help students see who they support and how their strengths can help others reach their goals. Explore the question “Who’s not on my map?” within the context of students’ goals or for larger societal issues. See: [Universe of Obligation](https://www.facinghistory.org/resource-library/universe-obligation)

With your goal in mind, which connection would you like to strengthen?

Choose one person from your map and write them an Appreciation and an Ask:

### Examples

**Appreciation**
- Thanks for giving me feedback on my project. It helped me figure out how to make it better.
- I appreciate how you helped me with my homework last night.

**Ask**
- Can you help explain this concept to me?
- Can you sit with me while I study this evening?

Share it with this person right now!
Tell them in person, send them a text or email, or write them a note."
who_is_responsible,Who's Responsible?,FK.SS.2.a,0f49764d-f943-4cff-9039-20149b967eac,Influencing government,FK.SS.2,Politics,FK,Students learn to analyze complex issues and identify who in the public or private sector might help address them.,"during lessons or near the start of a project where students encounter an issue and need to get specific about its complexity, who might be involved in addressing it, and what specifically they might do about it.",undertake a concept mapping exercising to unpack the issue and identify stakeholders who can take specific actions to address it.,"Big paper, markers, and sticky notes",Add links to local and state online directories to Slide 4. Prepare an issue from your subject area for Slide 5.,15-25 min,Whole Class,"solo, then whole class",,https://xq-learning-xq-engineering.vercel.app/activities/who_is_responsible,https://docs.google.com/presentation/d/1-g1EHtsgDm2PD2FaRb4O4100aVwlhg0gv2oYUnT36_M/copy,CC BY 4.0,© 2026 XQ Institute. Licensed under CC BY 4.0. https://creativecommons.org/licenses/by/4.0/,,"## Sticky Situation *(slide 2)*

*2 min - Class*

> **Teacher note:** A molasses flood actually occurred in Boston in 1919. In 1919, the Red Cross -among others- helped with the clean up (they took the photo!)
> 
> For a history or government class, you may consider extending this activity by researching who was responsible for cleaning up the flood in 1919 versus who might be responsible today.

Disaster strikes at the molasses factory! It’s 1919 and the massive tanks holding the molasses have ruptured, flooding the streets with sticky syrup. The streets are impassable, people are injured, and the community is demanding action.

Who do you think was in charge of getting the mess cleaned up? Who helped?

As a class, write down your best guesses on the board.

_[Figure: Black-and-white photograph showing the devastating aftermath of the 1919 Boston Molasses Flood, with wrecked buildings, debris-strewn mud and syrup covering the streets, and early twentieth-century emergency vehicles and rescue workers. A callout box reads: ""[This really happened](https://www.boston.gov/news/100-years-ago-today-molasses-crashes-through-bostons-north-end) in Boston in 1919!""]_

## Who’s Responsible? *(slide 3)*

*5 min - Class*

> **Teacher note:** If students struggle, use these questions to guide your thinking:
> - How does it affect the environment? (e.g., pollution, ecosystems)
> - How does it affect people? (e.g., health, safety, daily life)
> - How does it affect infrastructure? (e.g., roads, buildings, utilities)
> - How does it affect the economy? (e.g., businesses, jobs, financial systems)
> - Are there rules or regulations involved? (e.g., safety laws, accountability issues)

When you’re tackling a complex problem, lots of people and organizations get involved.

Let’s imagine the Molasses Flood happened today and try to figure out who would be responsible for helping.

1. What problems might be caused by a flood of molasses?  
   As a class, list out all the consequences on sticky notes or a large sheet of paper.

_[Figure: Concept map centered on ""Molasses Flood"" branching out to consequence sticky notes: ""Mess in the streets"", ""People are injured"", ""+ add more!"", and ""+ add more"".]_

## Identify Organizations *(slide 4)*

*3 min - Solo, 5 min - Class*

> **Teacher note:** Before you start this activity, replace the highlighted text with links to state and local government websites. Examples here [(state)](https://www.illinois.gov/search-results.html?contentType=agency&q=) and here [(local)](https://dc.gov/directory)
> 
> Set a timer for students to find an organization that they think is relevant. For later applications you can extend research time, but the goal here is to generate lots of relevant organizations quickly!
> 
> Consider extending the activity by using the students’ map to have a discussion around which organizations are best suited to address the problem and why.

2. Choose one consequence you brainstormed, and use the links to find one government agency, nonprofit, or private organization you think might help address it.:
   1. **Local Level:** Look up your city or town's website for agencies like emergency services, city council, or public works.
   2. **State Level:** Search for state branches or agencies online like the Department of Public Health or the governor’s office.
   3. **Federal Level:** Use [USA.gov](https://www.usa.gov/) to find federal branches or agencies like FEMA, EPA, or even the U.S. Congress
   4. **Private and Nonprofits:** Look for organizations like the Red Cross, conservation groups, or local businesses that might provide aid.

3. After 3 minutes, we’ll combine our findings to build our map

_[Figure: Concept map showing the center node ""Molasses Flood"" connected to four consequences and associated organizations:
- ""Mess in the streets"" connects to ""Public Works (Local)"" and ""+ add more!""
- ""People are injured"" connects to ""Hospitals (Private)"" and ""+ add more""
- ""Unsafe factory conditions"" connects to ""+ add more!"" and ""+ add more!""
- ""River is polluted"" connects to ""+ add more!"" and ""+ add more!""]_

## Apply *(slide 5)*

*10+ min - Class*

> **Teacher note:** Replace with an example form the subject area you are working on. Check out Slide 7 for examples.
> 
> This slide takes things a step further by asking what the specific agency or branch or entity will actually do. Share examples that might apply to the Molasses Flood. For example, local public works might clean up the mess, while the U.S. Congress or state legislature might consider new laws to regulate the conditions of molasses production.
> 
> The benefit of this approach is that by thinking specifically about organizations and, agencies, and their powers, students are more likely to come up with specific solutions to problems.

We can apply this to the subject we are currently studying and even take it a step further.

For the subject or issue, brainstorm all the related consequences, and use national, state, or local websites to find who might help.

Then, answer the question: what would the agency or branch would do about the problem?

Bonus: what could YOU do to make sure they do it?

_[Figure: Concept map template showing a central node labeled ""Issue"" connected to four boxes labeled ""Specific Consequence"" (each with ""+"" indicators to add more). One consequence branches to a node labeled ""Local, State, Federal, and Private organizations"" (with a ""+""), which in turn connects to a callout asking ""What will they do?"".]_

## Extras *(slide 6)*

## Example Map *(slide 7)*

_[Figure: A complete example concept map for the ""Molasses Flood"" showing four main branches of consequences, responsible organizations, and the actions they take:
- **Mess in the streets**
  - Public Works (Local) → Organize street cleaning, repair public infrastructure.
  - Police (Local) → Secure the area for safety and to prevent further damage.
  - Mayor (Local) → Declare a local emergency to access funds and resources.
- **People are injured**
  - Firefighters (Local) → Rescue individuals trapped in molasses or collapsed buildings.
  - Hospitals (Private) → Treat injuries caused by the incident.
  - Volunteer Organizations (Private) → Organize community cleanups and fundraise for affected areas.
- **River is polluted**
  - EPA (National) → Oversee cleanup operations to reduce long-term damage to the environment.
- **Unsafe factory conditions**
  - Labor Unions (State or National) → Demand stronger safety protocols and workplace protections in the industry.
  - State Legislature (State) → Propose and pass stricter industrial safety regulations for molasses factories]_

## Connections *(slide 8)*

## Subject Connections *(slide 9)*

- In biology, researching who is responsible for protecting the local riverine water sources
- In history, figuring out who was involved in mobilizing the U.S. war effort during WWII
- In math, figuring out who is responsible for gathering the public data we use for statistics exercises
- In Civics, figuring out who all is involved in helping address any number of political issues
- In ELA, figuring out who decides what books high school students read

_[Figure: Concept map template showing a central node labeled ""Issue"" connected to four boxes labeled ""Specific Consequence"" (each with ""+"" indicators to add more). One consequence branches to ""Local, State, Federal, and Private organizations"" (with a ""+""), which connects to a callout labeled ""What will they do?"".]_"
whos_driving_feedback,Who's Driving Feedback,LL.SM.1.a,7f4a501c-1b5b-465b-bc54-d226354faa7c,Absorbing feedback,LL.SM.1,Receiving Feedback,LL,Students learn to take an active role in seeking the feedback they need.,Before students will be receiving feedback from you and/or their peers.,"In pairs, students move through 3 roleplays, then reflect on what they’ve learned.",None,Students will be working in pairs. Present this deck in “slideshow” mode in order to reveal the animations on slides 3 and 4.,10 min,Pair,"pairs to whole class, then solo, then pairs",,https://xq-learning-xq-engineering.vercel.app/activities/whos_driving_feedback,https://docs.google.com/presentation/d/1aaaGVIZ84W2TZ9HwMENIgnuTJ0aG0oLLAmYlLOnnuV8/copy,CC BY 4.0,© 2026 XQ Institute. Licensed under CC BY 4.0. https://creativecommons.org/licenses/by/4.0/ The roleplay activity in this lesson was adapted from an article by Elizabeth Matlick (https://www.edsurge.com/news/2020-02-18-my-greatest-teaching-problem-was-feedback-here-s-how-research-helped-me-solve-it).,,"## Roleplay *(slide 2)*
*1 min - Class*

> **Teacher note:**
> - Put your students into pairs.
> - Assign one partner to play the student Driver, and the other to play the driving instructor.
> - On the next slide, all the instructors should look away from the screen. (When you click ahead, they’ll see the notes hidden below the green box.)

We’re going to do 3 roleplays, each one lasts just one minute.

All involve the same scenario: a student learning to drive on the highway for the first time.

_[Figure: Illustrated character icons labeled ""Instructor"" and ""Driver"".]_

## Prep for Drivers *(slide 3)*
*1 min - Class*

> **Teacher note:**
> - Have all the drivers read silently from the screen, while the the Instructors look away.
> - On the next slide, all the drivers should look away from the screen.

**NOTE TO DRIVERS**
**ACTING NOTES**

**Instructors look away!**

**Student Driver**
Because you find it hard to stay in your lane, you tend to follow very closely behind other cars—even though you know you shouldn’t. You haven’t told your teacher, because you feel embarrassed.

_[Figure: Illustrated characters for Instructor and Driver, with an acting note box pointing to the Driver that reads: ""ACTING NOTES / NOTE TO DRIVERS / Instructors look away!"". In slideshow mode, this box reveals the hidden note for the Student Driver.]_

## Prep for Instructors *(slide 4)*
*1 min - Class*

> **Teacher note:**
> - Have all the instructors read silently from the screen, while the the drivers look away. (When you click ahead, instructors will see the notes hidden below the green box.)
> - In the next roleplay (#1), just keep repeating the same line You need to leave more space between you and the car in front! (Don’t say anything else!)

**NOTE TO INSTRUCTORS**
**ACTING NOTES**

**Drivers look away!**

**Driving Instructor**
- Sometimes you get impatient with your students, and wish they could learn more quickly.
- In the next roleplay (#1), just keep repeating the same line over and over:
  - You need to leave more space between you and the car in front!
- (Don’t say anything else!)

_[Figure: Illustrated characters for Instructor and Driver, with an acting note box pointing to the Instructor that reads: ""ACTING NOTES / NOTE TO INSTRUCTORS / Drivers look away!"". In slideshow mode, this box reveals the hidden note for the Driving Instructor.]_

## Roleplay 1 *(slide 5)*
*1 min - Pair to Class*

> **Teacher note:**
> - After they’re done roleplaying, ask 1-2 students what it felt like to be the student in this scenario.

After Instructor says their line, roleplay the rest of this scene.

**Instructor:** “Don’t forget! You need to leave more space between you and the car in front!”

_[Figure: Photograph of a driving instructor and a student driver inside a car, with a speech bubble from the instructor saying, ""Don’t forget! You need to leave more space between you and the car in front!""]_

## Roleplay 2 *(slide 6)*
*1 min - Pair to Class*

> **Teacher note:**
> - After they’re done roleplaying, ask 1-2 students how they’d redo what happened in their roleplay to make the feedback happen more effectively.

Say these lines, then roleplay the rest of the scene.

**Instructor:** “Watch out here. Give the car in front more space.”

**Driver:** “I feel like I’m going to slide off the road!”

_[Figure: Photograph of the instructor and student driver in the car, with speech bubbles showing the instructor saying, ""Watch out here. Give the car in front more space."" and the driver responding, ""I feel like I’m going to slide off the road!""]_

## Roleplay 3 *(slide 7)*
*1 min - Pair to Class*

> **Teacher note:**
> - After they’re done roleplaying, ask 1-2 students how this version compared to the one before.

Say these lines, then roleplay the rest of the scene.

**Driver:** “Before we get on the highway, I want to tell you that I have a hard time staying in the lane. That’s why I sometimes follow cars too closely.”

_[Figure: Photograph of the student driver turning toward the instructor in the car, with a speech bubble saying, ""Before we get on the highway, I want to tell you that I have a hard time staying in the lane. That’s why I sometimes follow cars too closely.""]_

## When feedback works, and when it doesn’t *(slide 8)*
*3 min - Solo*

_[Figure: Three numbered photos recapping the roleplay scenarios:
1. Instructor: ""Don't forget! You need to leave more space between you and the car in front!""
2. Instructor: ""Watch out here. Give the car in front more space."" / Driver: ""I feel like I'm going to slide off the road!""
3. Driver: ""Before we get on the highway, I want to tell you that I have a hard time staying in the lane. That's why I sometimes follow cars too closely.""]_

1. What was one thing that made feedback go better during these roleplays? How did it help?
2. So when feedback works well, who’s in charge? The teacher or the student?

## How to get the feedback you need *(slide 9)*
*3 min - Pair, Apply*

> “The mentee is the driver and the mentor is the co-pilot, helping them get to their destination.”
> 
> — Victoria Black, an expert on mentoring

According to Black, feedback-receivers should continually:
- Respond to their feedback-giver’s advice
- Share information about what they need

Think of the feedback you’ll be getting on your own work today. What’s one thing you could share with your co-pilots (your peers and your teacher) that could help you get the feedback you need?

Share that thing with your partner.

## Credits
The roleplay activity in this lesson was adapted from [this article by Elizabeth Matlick.](https://www.edsurge.com/news/2020-02-18-my-greatest-teaching-problem-was-feedback-here-s-how-research-helped-me-solve-it)"
whos_on_the_other_end,Who's on the Other End?,FL.ID.2.a,46eac5f8-5942-463f-b5ba-507c088cc64e,Knowing my audience,FL.ID.2,Persuasive Communication,FL,"Students learn to picture the person on the other end of their writing, ensuring they consistently strive to make an impact on a real audience.","When writing persuasive essays, giving presentations, and preparing for debates.",Transfer the awareness of audience that shapes their use of social media to the writing they do for school.,None,Choose an upcoming assignment for students to practice on Slide 4.,10-15 min,Pair,"pairs to whole class, then solo to pairs",,https://xq-learning-xq-engineering.vercel.app/activities/whos_on_the_other_end,https://docs.google.com/presentation/d/1h0Bu3x4ms_JnX0W3H-BZZj8oFRG11FO2zCoQ6kaf8Xk/copy,CC BY 4.0,© 2026 XQ Institute. Licensed under CC BY 4.0. https://creativecommons.org/licenses/by/4.0/,,"## Partner Discussion *(slide 2)*

*3 min - pair to class*

> **Teacher note:** When we're using social media, we're deeply aware of ""the people on the other end"" of our post, and the response we're trying to elicit from them. (E.g., we're trying to ""get likes."")

_[Figure: A diagram showing the word ""YOU"" with an arrow passing through the TikTok logo to an outline of a person with a question mark ""?"" inside their head.]_

Discuss with a partner and be prepared to share your reflections with the class:

Think of the last thing you posted you on TikTok, Instagram, or another social media account:
- What were you trying DO to the audience?
- How will you know if it worked?

## Class Discussion *(slide 3)*

*5 min - class*

> **Teacher note:** The obvious answer is the audience is usually the teacher!
>
> It’s likely that when students write or present, they aren’t thinking about “the person on the other end”. If they are, they are likely just thinking about what it will take to pass the assignment.
>
> Consider using student responses to facilitate a conversation about what changes you and they can make together so that the audience feels ‘real’ i.e. to bring awareness of ""the person on the other end"" to their work in school.
>
> Use the magic potion metaphor and link to the Jekyll and Hyde clip as a memorable anchor for thinking about what students are trying to do to the audience.
>
> Emphasize that the person students pick doesn’t have you be you as the teacher; they can choose anyone who they might like to change with their creation.
>
> *Note: As of 8/21/2024, this YouTube video clip has no ads. Please verify before showing to your class.

_[Figure: A diagram showing the word ""YOU"" with an arrow passing through the TikTok logo to an outline of a person with a question mark ""?"" inside their head.]_

How is writing an essay or creating a presentation like posting a TikTok video?

- WHO is the audience on the other side of the presentation or essay?
- What are you trying to DO to that person?

[Think of it like a magic potion.](https://youtu.be/P0DK1dl8eRc?si=Gp5t2ALfnukY_ABY&t=76)*
The point is to make a change in the person you’re giving it to.

## Apply *(slide 4)*

*5 min - solo to pair*

> **Teacher note:** Emphasize that the person students pick doesn’t have to be their teacher; they can choose anyone who they might like to change with their creation.

For an upcoming assignment or project:

_[Figure: A diagram showing the word ""YOU"" with an arrow passing through a stack of papers to an outline of a person with a question mark ""?"" inside their head.]_

1. **Pick a person.**
   Create your project or assignment to get a reaction or response from this person.

2. **What change do you want to make?**
   What do you want the person to think or feel?

3. **What’s your plan?**
   How are you going to make sure the change happens?

Share your answers with a partner and get feedback"
