competency_id,competency_name,title,url,citation,summary
FK.AC.1,Artistic Expression,Why We Need Arts Education,https://doi.org/10.2190/EM.31.2.EOV.1,"Roege, G. B., & Kim, K. H. (2013). Why we need arts education. Empirical Studies of the Arts, 31(2), 121-130. https://doi.org/10.2190/EM.31.2.EOV.1","This article highlights that arts education correlates with higher academic performance, creativity, entrepreneurial skills, self-confidence, better mental health, and other life skills. It emphasizes the role of arts in promoting emotional well-being and social skills, offering methods for expression, conflict resolution, and therapeutic uses in improving psychological well-being. The article advocates for a balanced educational approach that includes arts education to equip students with critical emotional and cognitive skills for personal and professional success."
FK.AC.1,Artistic Expression,What is Community-Based Art Education?,https://doi.org/10.1080/00043125.2005.11651529,"Ulbricht, J. (2005). What is community-based art education? Art Education, 58(2), 6–12. https://doi.org/10.1080/00043125.2005.11651529","This article defines community-based arts education as programs and initiatives outside traditional K-12 curricula that enhance art skills, empower students, and integrate learning about local art and culture in real-world contexts. It outlines objectives such as improving art skills, educating the public about art, and addressing social issues through artistic efforts. Examples range from traditional teaching in community centers to innovative public art installations and ethnographic art studies, demonstrating how students can research and create art reflecting their community's culture and social issues."
FK.AC.1,Artistic Expression,"Philosophical and Practical Foundations of Artistic Inquiry: Creating Paradigms, Methods, and Presentations Based in Art / Aesthetic-Based Research as Pedagogy: The Interplay of Knowing and Unknowing Toward Expanded Seeing",,"McNiff, S. (2018). Philosophical and practical foundations of artistic inquiry: Creating paradigms, methods, and presentations based in art. In: P. Leavy (Ed.), Handbook of arts-based research (pp. 22-37).. The Guilford Press. Bresler, L. (2018). Aesthetic-based research as pedagogy: The interplay of knowing and unknowing toward expanded seeing. In: P. Leavy (Ed.), Handbook of arts-based research, (pp. 649–673). The Guilford Press.","McNiff argues that artistic inquiry is a legitimate way of constructing knowledge, offering unique insights inaccessible through traditional scientific methods, and provides a dynamic way to explore complex subjects. Bresler discusses how aesthetic experiences enrich educational processes, enhancing perceptual understanding and cognitive and emotional engagement, and promoting “multisensory learning” and creative problem-solving. These innovations underscore the unique contributions of arts-based research for understanding complex content."
FK.AC.1,Artistic Expression,STEAM by Another Name: Transdisciplinary Practice in Art and Design Education,https://doi.org/10.1080/10632913.2017.1292973,"Costantino, T. (2017). STEAM by another name: Transdisciplinary practice in art and design education. Arts Education Policy Review, 119(2), 100–106. https://doi.org/10.1080/10632913.2017.1292973","This article argues that integrating arts into STEM (STEAM) learning enhances students' creative thinking and application of knowledge in innovative ways, preparing them for complex problem-solving in real-world contexts, representing a return to traditional intertwined modes of knowledge production. It highlights pedagogies like critical making and object-based learning as effective for STEAM education, fostering deep engagement with material and conceptual elements of both art and science. These pedagogies emphasize active, experiential learning, which is crucial for understanding and innovation across disciplines, helping students grasp abstract concepts tangibly and encouraging an explorative, inquiry-based approach."
FK.AC.1,Artistic Expression,Educating for Cultural Citizenship: Reframing the Goals of Arts Education,https://doi.org/10.1080/03626784.2014.980940,"Kuttner, P. J. (2015). Educating for cultural citizenship: Reframing the goals of arts education. Curriculum Inquiry, 45(1), 69–92. https://doi.org/10.1080/03626784.2014.980940","This article advocates for cultural citizenship, emphasizing the importance of recognizing and nurturing individuals' cultural capacities and rights through participation, self-expression, and cultural identity. It argues that arts education goals should shift from purely aesthetic appreciation to developing students' abilities to engage with and contribute to cultural life meaningfully. The author suggests educational strategies like integrating community-based learning, promoting interdisciplinary projects, and encouraging critical reflection on cultural issues through artistic expression to foster social engagement."
FK.AC.2,Art Analysis,The Shaping and Reshaping the Aesthetic Brain: Emerging Perspectives on the Neurobiology of Embodied Aesthetics,https://doi.org/10.1016/j.neubiorev.2015.12.005,"Kirsch, L. P., Urgesi, C., & Cross, E. S. (2016). The shaping and reshaping the aesthetic brain: Emerging perspectives on the neurobiology of embodied aesthetics. Neuroscience and Biobehavioral Reviews, 62, 56-68. https://doi.org/10.1016/j.neubiorev.2015.12.005","This article presents neuroscientific evidence that aesthetic experiences have neurobiological underpinnings and can reshape the brain, with repeated engagement with aesthetically pleasing objects leading to long-term changes in neural networks. It explains how art exposure can influence emotional regulation, enhance resilience, stimulate neural networks for complex cognitive functions like creativity and problem-solving, and increase connectivity between brain regions. This demonstrates that artistic activities promote neuroplasticity, allowing the brain to reorganize itself and adapt to new situations."
FK.AC.2,Art Analysis,Studio Thinking 3: The Real Benefits of Visual Arts Education,,"Sheridan, K.M., Veenema, S., & Winner, E., Hetland, L. (2022). Studio thinking 3: The real benefits of visual arts education. Teachers College Press.",The summary for this source is not available in the provided text. The provided text only contains the citation.
FK.SS.1,Governments,Civic Purpose: An Integrated Construct for Understanding Civic Development in Adolescents,https://www.jstor.org/stable/26765100,"Malin, H., Ballard, P. J., & Damon, W. (2015). Civic purpose: An integrated construct for understanding civic development in adolescence. Human Development, 58(2), 103–130. https://www.jstor.org/stable/26765100","This study investigates the development of “civic purpose” in adolescence, highlighting its role in reducing antisocial behavior through emotional and cognitive growth. Early indicators of purpose often stem from empathy in response to others' suffering, motivating moral actions and fostering civic responsibility. As adolescents' cognitive abilities mature, they better understand moral ambiguity and make ethical decisions, contributing to their comprehension of governments, public policies, and individual rights and responsibilities, which supports the formulation of a civic purpose aimed at contributing to the greater good."
FK.SS.2,Politics,Civic Engagement and the Transition to Adulthood,https://doi.org/10.1353/foc.0.0043,"Flanagan, C., & Levine, P. (2010). Civic engagement and the transition to adulthood. The Future of Children, 20(1), 159-179. https://doi.org/10.1353/foc.0.0043","This review provides a comprehensive analysis of the civic engagement patterns of young adults, exploring how these patterns have evolved and differ across various demographics. The authors emphasize that civic engagement is critical for democratic societies and personal development, and suggest that effective civic education, particularly in structured settings like Americorps, is pivotal for fostering engaged citizens during the transition to adulthood."
FK.SS.2,Politics,"Different Pedagogy, Different Politics: High School Learning Opportunities and Youth Political Engagement",https://doi.org/10.1111/j.1467-9221.2012.00936.x,"Kahne, J., Crow, D., & Lee, N.-J. (2013). Different pedagogy, different politics: High school learning opportunities and youth political engagement. Political Psychology, 34(3), 419-441. https://doi.org/10.1111/j.1467-9221.2012.00936.x","This study assesses how different pedagogical approaches, specifically open discussions of societal issues and service learning, affect students' engagement with civic and political issues. The findings suggest that these distinct pedagogical methods have different impacts on various types of civic and political engagement, highlighting the importance of diverse strategies for cultivating a politically and civically active populace."
FK.SS.2,Politics,"Beyond Idealized Citizenship Education: Embodied Cognition, Metaphors, and Democracy",https://doi.org/10.3102/0091732X11420927,"Fischman, G. E., & Haas, E. (2012). Beyond idealized citizenship education: Embodied cognition, metaphors, and democracy. Review of Research in Education, 36(1), 169–196. https://doi.org/10.3102/0091732X11420927","This article proposes a conceptual framework for civics education that integrates cognitive science to better align with how young people experience citizenship through identity, shared goals, and community experiences. The authors argue that schools should connect information about American democracy and civic responsibilities with students' burgeoning identities and real-world opportunities for active participation to make civics education more impactful than direct instruction."
FK.SS.2,Politics,Education For Democracy by Young People in Community-Based Organizations,https://doi.org/10.1177/0044118X11419535,"Checkoway, B. (2013). Education for democracy by young people in community-based organizations. Youth & Society, 45(3), 389–403. https://doi.org/10.1177/0044118X11419535","This article explores how community-based organizations foster civic competencies among young people, especially given declining civic engagement and the diminishing civic mission of public schools. It emphasizes that these programs, through experiential learning and active participation, are crucial for educating youth in democracy and empowering them to effectively engage with their communities beyond just voting."
FK.SS.2,Politics,Teaching Politics in the U.S. History Classroom,http://www.jstor.org/stable/43264378,"Journell, W. (2014). Teaching politics in the U.S. history classroom. The History Teacher, 48(1), 55-69. http://www.jstor.org/stable/43264378","The author advocates for an interdisciplinary approach in U.S. history classrooms to explore political implications and policymaking processes. This method helps students connect historical events to contemporary issues, deepening their understanding of electoral processes, civil rights, and governmental decisions, thereby enhancing critical thinking and analytical skills."
FK.SS.3,Economics,Economic Understanding in US High School Courses,https://doi.org/10.1257/aer.103.3.659,"Walstad, W. B. (2013). Economic understanding in US high school courses. American Economic Review, 103(3), 659-663. https://doi.org/10.1257/aer.103.3.659","This study examines how well high school courses prepare students to understand economic principles, noting significant variation in economic understanding across different student demographics and course types. The author emphasizes that a robust economic curriculum, especially through methods like case studies and data analysis, is essential for preparing students to navigate complex economic issues as adults."
FK.SS.3,Economics,Neuroeconomics,,"Glimcher, P. W., Camerer, C. F., Fehr, E., & Poldrack, R. A. (2009). Neuroeconomics. Academic Press.","This authoritative text outlines the convergence of psychology, economics, and neurology to understand the neural correlates of economic decision-making. It examines how neurobiology and neurochemistry impact decision-making processes, including risk, reward, value assignment, and social cognition, which has potential implications for how classroom teachers and students learn economic theory."
FK.SS.3,Economics,"Perspectives on Economics in the School Curriculum: Coursework, Content, and Research",https://doi.org/10.1080/00220485.2015.1040185,"Walstad, W. B., & Watts, M. (2015). Perspectives on economics in the school curriculum: Coursework, content, and research. The Journal of Economic Education, 46(3), 324-339. https://doi.org/10.1080/00220485.2015.1040185","This review highlights the growing number of high school students taking economics, but notes significant variations in teaching quality and content across states. The authors advocate for integrating foundational economic concepts into various subjects to ensure students develop critical thinking and ethical reasoning about economic issues, preparing them for real-world economic challenges."
FK.SS.3,Economics,Problem-Based Learning and High School Macroeconomics: A Comparative Study of Instructional Methods,https://doi.org/10.3200/JECE.36.4.315-331,"Maxwell, N. L., Mergendoller, J. R., & Bellisimo, Y. (2005). Problem-based learning and high school macroeconomics: A comparative study of instructional methods. The Journal of Economic Education, 36(4), 315-329. https://doi.org/10.3200/JECE.36.4.315-331","This study compares different instructional methods in high school macroeconomics. The findings suggest that certain approaches, such as problem-based learning, can be more effective in fostering economic understanding and analytical skills. This is relevant to the economics competency as it focuses on enhancing students' ability to analyze economic forces and develop solutions to real-world problems."
FK.SS.4,Cultures,An Attainable Global Perspective,https://doi.org/10.1080/00405848209543001,"Hanvey, R.G. (1982). An attainable global perspective. Theory Into Practice, 21, 162–167. https://doi.org/10.1080/00405848209543001","This article argues that a global perspective is a blend of elements and capacities developed over time, focusing on cultural understanding. It highlights that recognizing one's culturally shaped worldview and the validity of other perspectives helps individuals appreciate how cultures develop and are sustained. Understanding global trends and acknowledging responses to challenges builds awareness of human choices and supports the cultivation of a global perspective as a necessary educational component."
FK.SS.4,Cultures,Historical Reasoning: Towards a Framework for Analyzing Students' Reasoning About the Past,https://doi.org/10.1007/s10648-007-9056-1,"van Drie, J., & van Boxtel, C. (2008). Historical reasoning: Towards a framework for analyzing students' reasoning about the past. Educational Psychology Review, 20(2), 87–110. https://doi.org/10.1007/s10648-007-9056-1","This review proposes a framework for analyzing historical reasoning in secondary education, defining it as the ability to organize information about the past to describe, explain, and compare historical phenomena. It emphasizes that students need to acquire skills like asking historical questions, contextualizing events, and utilizing historical concepts to analyze and discuss historical events. Incorporating these skills into history education enhances students' understanding and reasoning abilities."
FK.SS.4,Cultures,Critical Consciousness: A Critique and Critical Analysis of the Literature,https://pmc.ncbi.nlm.nih.gov/articles/PMC5892452/pdf/nihms893449.pdf,"Jemal, A. (2017). Critical consciousness: A critique and critical analysis of the literature. The Urban Review, 49, 602-626. https://pmc.ncbi.nlm.nih.gov/articles/PMC5892452/pdf/nihms893449.pdf","This article critiques Freire's work on critical consciousness and proposes a new socio-cognitive construct of transformative potential, which combines metacognitive awareness of one's potential to impact the world with the ability and motivation to act. This framework provides educators with a clear theoretical basis for cultivating students' knowledge of historical and current cultures, their ability to identify cross-cultural similarities and differences, and their capacity to translate knowledge into action. It emphasizes creating cycles of reflection and action through tools like critical dialogue and real-world projects to help students understand cultural origins and how they can change or be changed by cultures."
FK.SS.4,Cultures,"Agency, Choice and Historical Action: How History Teaching Can Help Students Think About Democratic Decision Making",https://www.las2.se/wp-content/uploads/2019/10/Barton_2012.pdf,"Barton, K. C. (2012). Agency, choice and historical action: How history teaching can help students think about democratic decision making. Citizenship Teaching & Learning, 7(2), 131–142. https://www.las2.se/wp-content/uploads/2019/10/Barton_2012.pdf","This commentary argues that students require refined historical inquiry methods to interpret the past and inform present choices. Barton asserts that social studies teaching should expose students to historical debates and diverse opinions to connect the agency of historical actors with the choices students face today. The pedagogy should foster both historical knowledge about culture and society and a metacognitive awareness that students are agentic individuals, enabling them to contribute to social change, anticipate consequences, and enhance societal participation."
FL.ID.1,Making Meaning,The Synthesizing Mind: Making Sense of the Deluge of Information,,"Gardner, H. (2007). The synthesizing mind: Making sense of the deluge of information. In M. Sánchez Sorondo, E. Malinvaud, & P. Léna (Eds.), Globalization and education: Proceedings of the joint working group, The Pontifical Academy of Sciences, The Pontifical Academy of Social Sciences, 19-17 November 2005, Casino Pio IV (pp. 3-18). De Gruyter.","This article highlights that synthesis is not only critical in academic contexts but is also essential in professional and everyday life, helping individuals make informed decisions and develop innovative solutions. The author argues for the importance of explicitly teaching synthesis in educational settings, emphasizing project-based learning where students practice integrating diverse information sources. As information continues to grow exponentially, the ability to synthesize will become even more critical, marking it as a key skill for future success in numerous fields."
FL.ID.1,Making Meaning,Disciplinary Literacies and Learning to Read for Understanding: A Conceptual Framework for Disciplinary Literacy,https://doi.org/10.1080/00461520.2016.1168741,"Goldman, S. R., Britt, M. A., Brown, W., Cribb, G., George, M., Greenleaf, C., Lee, C.D. & Project READI. (2016). Disciplinary literacies and learning to read for understanding: A conceptual framework for disciplinary literacy. Educational Psychologist, 51(2), 219-246. https://doi.org/10.1080/00461520.2016.1168741","This study provides a comprehensive framework for enhancing literacy and learning in three key disciplines in middle and secondary school: literature, science, and history. Certain reading, reasoning, and argumentation skills are considered essential for engaging in knowledge generation across all disciplines. For example, all disciplines require students to engage in close reading of texts, which includes understanding complex text structures, interpreting meaning, engaging in relevant inquiry (i.e., asking effective questions), and evaluating content critically."
FL.ID.1,Making Meaning,Teaching and Learning Argumentative Reading and Writing: A Review of Research,https://doi.org/10.1598/RRQ.46.3.4,"Newell, G.E., Beach, R., Smith, J., & VanDerHeide, J. (2011). Teaching and learning argumentative reading and writing: A review of research. Reading Research Quarterly, 46, 273-304. https://doi.org/10.1598/RRQ.46.3.4","Argumentative tasks enhance students' cognitive skills by requiring them to ask critical questions about texts, identify key arguments, analyze evidence, and synthesize information. Synthesis is also highlighted as a crucial cognitive skill in argumentation, as it involves drawing together diverse pieces of information, ideas, and evidence from multiple texts or discussions to construct well-supported arguments. This skill is crucial for developing strong, persuasive essays and presentations."
FL.ID.1,Making Meaning,Teaching and Learning Information Synthesis: An Intervention and Rubric Based Assessment,https://doi.org/10.15760/comminfolit.2015.9.1.176,"Lundstrom, K., Diekema, A.R., Leary, H.M., Haderlie, S., & Holliday, W. (2015). Teaching and learning information synthesis: An intervention and rubric based assessment. Communications in Information Literacy, 9(1), 60-82. https://doi.org/10.15760/comminfolit.2015.9.1.176","This study explores effective strategies for teaching and evaluating information synthesis skills, testing an instructional method to teach and assess the skill of information synthesis in academic writing. The intervention appeared to enhance students' ability to synthesize information, as evidenced by improved synthesis in their writing assignments post-lesson. The findings suggest that teaching synthesis effectively requires more than a single lesson and should be integrated throughout the curriculum to better prepare students for complex writing tasks."
FL.ID.1,Making Meaning,To Build a Better Question,,"Kelley-Mudie, S., & Phillips, J. (2016). To build a better question. Knowledge Quest, 44(5), 14-19.","Good questions are the foundation of critical thinking; they initiate deeper inquiry and learning. Being ""question-literate"" means being able to construct and comprehend questions effectively. The authors advocate for deliberately teaching questioning as a skill, both as an end in itself and as a means to deepen student engagement."
FL.ID.2,Persuasive Communication,Effect of Scientific Argumentation on the Development of Critical Thinking,"https://doi.org/10.1007/s11191-020-00120-","Giri, V., & Paily, M.U. (2020). Effect of scientific argumentation on the development of critical thinking. Science & Education, 29, 673-690. https://doi.org/10.1007/s11191-020-00120-","This study examines the role of scientific argumentation in enhancing critical thinking skills within the context of secondary education in biology. Students who participated in a scientific argumentation-based approach showed significant improvement in their critical thinking abilities compared to those who experienced traditional teaching, indicating that the structured argumentation approach effectively develops higher-order thinking skills. The process of scientific argumentation also inherently involves persuasive communication, where students learn to construct and present arguments that are persuasive in nature, supported by empirical evidence and logical reasoning."
FL.ID.3,Critical Dialogue,Teaching and Learning Argumentative Reading and Writing: A Review of Research,https://doi.org/10.1598/RRQ.46.3.4,"Newell, G.E., Beach, R., Smith, J., & VanDerHeide, J. (2011). Teaching and learning argumentative reading and writing: A review of research. Reading Research Quarterly, 46, 273-304. https://doi.org/10.1598/RRQ.46.3.4","This article highlights how engaging students in argumentative reading and writing helps them develop empathy by considering different viewpoints during discussions and debates. Argumentative tasks enhance students' cognitive skills by requiring them to critically engage with texts, identify key arguments, analyze evidence, and synthesize information. The review emphasizes the importance of understanding the structural components of arguments—such as claims, evidence, and warrants—as essential for persuasive writing."
FL.ID.3,Critical Dialogue,Socratic Pedagogy: The Importance of Argument,https://doi.org/10.1515/9781400883509-007,"Nussbaum, M. (2017). Socratic pedagogy: The importance of argument. In Not for profit: Why democracy needs the humanities (pp. 47–78). Princeton University Press. https://doi.org/10.1515/9781400883509-007","This chapter champions Socratic pedagogy as essential for civic education, asserting that critical questioning and intellectual independence are necessary for students to achieve high intellectual and civic outcomes. By promoting argumentative skills and critical thinking, Socratic pedagogy not only prepares students for democratic participation but also for personal growth and ethical reflection. It encourages students to examine their values and decisions, contributing to more thoughtful and engaged citizenship."
FL.ID.3,Critical Dialogue,"School Mathematics Reform, Constructivism, and Literacy: A Case for Literacy Instruction in the Reform-Oriented Math Classroom",,"Draper, R.J. (2002). School mathematics reform, constructivism, and literacy: A case for literacy instruction in the reform-oriented math classroom. Journal of Adolescent & Adult Literacy, 45(6), 520-529.","This article argues that literacy skills—such as reading, writing, and reasoning—are integral to effective mathematics education, as these skills help students understand and communicate mathematical concepts more clearly. The article emphasizes the importance of fostering mathematical discourse in the classroom by encouraging students to articulate their mathematical thinking, engage in discussions, and debate mathematical ideas, which are essential aspects of critical dialogue. Through constructivist teaching methods, teachers encourage students to question and explore mathematical concepts, which naturally leads to richer dialogues and debates about these topics."
FL.ID.3,Critical Dialogue,Peer Assessment,https://doi.org/10.1080/00405840802577569,"Topping, K. J. (2009). Peer assessment. Theory Into Practice, 48(1), 20–27. https://doi.org/10.1080/00405840802577569","Peer assessment involves students assessing the level, value, or quality of a product or performance of their peers, which supports the development of both cognitive and metacognitive skills. Topping emphasizes that peer assessment should involve not only providing feedback but also engaging in discussions about that feedback that require students to explain and justify their reasoning. This interaction requires students to consider their audience and refine their judgment using critical thinking skills."
FL.ID.3,Critical Dialogue,Establishing the Norms of Scientific Argumentation in Classrooms,https://doi.org/10.1002/(SICI)1098-237X(200005)84:3<287::AID-SCE1>3.0.CO;2-A,"Driver, R., Newton, P., & Osborne, J. (2000). Establishing the norms of scientific argumentation in classrooms. Science Education, 84(3), 287-312. https://doi.org/10.1002/(SICI)1098-237X(200005)84:3<287::AID-SCE1>3.0.CO;2-A","This article posits that argument and argumentative practice are central activities in the scientific community, vital for the resolution of scientific controversies and the progression of scientific knowledge, and argues for the inclusion of argumentation in science education to reflect the true nature of scientific processes. The authors argue that a number of important skills are practiced through argumentation, such as critical examination, dialogic argument, and construction of knowledge."
FL.MST.1,Computational Thinking,"Learning to Think Mathematically: Problem Solving, Metacognition, and Sense Making in Mathematics",https://doi.org/10.1177/002205741619600202,"Schoenfeld, A. H. (2016). Learning to think mathematically: Problem solving, metacognition, and sense making in mathematics (Reprint). Journal of Education, 196(2), 1–38. https://doi.org/10.1177/002205741619600202","This seminal article offers a comprehensive exploration of mathematical thinking, focusing on the processes that support effective problem solving and understanding in mathematics. It details various important components of mathematical problem solving, including expressing equivalencies, using computational tools, pattern recognition, and checking results. The article suggests that curricula should be designed to include opportunities for students to engage deeply with mathematical concepts through problem solving in real-world contexts, metacognitive reflection, and sense making, prioritizing understanding and critical thinking over rote learning."
FL.MST.1,Computational Thinking,Computational Thinking,https://doi.org/10.1145/1118178.1118215,"Wing, J. (2006). Computational thinking. Communications of the ACM, 49(3), 33–35. https://doi.org/10.1145/1118178.1118215","This article, largely credited with bringing computational thinking to the forefront of education discourse, emphasizes that it is an essential skill for everyone, not just computer scientists, advocating its addition to basic analytical abilities alongside reading, writing, and arithmetic. It explains that computational thinking involves understanding the capabilities and limitations of both humans and computers in solving problems, enhancing problem-solving skills through methods such as abstraction, automation, and algorithm design. The author advocates for the integration of computational thinking into all levels of education, suggesting it be taught from an early age to enable individuals to tackle larger, more complex problems and design systems beyond current capabilities."
FL.MST.1,Computational Thinking,Defining Computational Thinking for Mathematics and Science Classrooms,https://doi.org/10.1007/s10956-015-9581-5,"Weintrop, D., Beheshti, E., Horn, M., Orton, K., Jona, K., Trouille, L., & Wilensky, U. (2016). Defining computational thinking for mathematics and science classrooms. Journal of Science Education and Technology, 25(1), 127-147. https://doi.org/10.1007/s10956-015-9581-5","This article underlines the growing importance of computational thinking in science and mathematics, noting its inclusion in recent educational standards, and viewing its integration as essential for preparing students for a technology-driven world. For high school students, developing computational thinking skills is vital as these skills are foundational for understanding and innovating within any scientific and mathematical context, enhancing domain-specific knowledge and cultivating a deeper understanding of digital technologies and their applications. The proposed taxonomy breaks down computational thinking into specific component skills across four main categories: data practices, modeling and simulation practices, computational problem-solving practices, and systems thinking practices."
FL.MST.2,Mathematical Modeling,The Learning and Teaching of Mathematical Modelling,https://doi.org/10.4324/9781315189314,"Niss, M., & Blum, W. (2020). The learning and teaching of mathematical modelling (1st ed.). Routledge. https://doi.org/10.4324/9781315189314","This source emphasizes the importance of mathematical modeling in mathematics education as a tool for solving real-world problems and developing deep mathematical understanding. It outlines the modeling process cycle and identifies key supporting skills like problem structuring, making assumptions, performing mathematical operations, and critically evaluating results."
FL.MST.2,Mathematical Modeling,"A Systematic Literature Review of the Current Discussion on Mathematical Modelling Competencies: State-of-the-Art Developments in Conceptualizing, Measuring, and Fostering",https://doi.org/10.1007/s10649-021-10104-6,"Cevikbas, M., Kaiser, G., & Schukajlow, S. (2022). A systematic literature review of the current discussion on mathematical modelling competencies: State-of-the-art developments in conceptualizing, measuring, and fostering. Educational Studies in Mathematics, 109, 205–236. https://doi.org/10.1007/s10649-021-10104-6","This review examines literature on mathematical modeling competencies, highlighting a global consensus on their importance in education for solving real-world problems. It discusses effective pedagogical practices like integrating modeling tasks into the curriculum and project-based learning, as well as common assessment methods like task-based assessments and rubrics that evaluate specific modeling aspects."
FL.MST.2,Mathematical Modeling,Modelling Competencies — Overview,https://doi.org/10.1007/978-0-387-29822-1_22,"Greer, B., &Verschaffel, L. (2007). Modelling competencies Overview. In: Blum, W., Galbraith, P.L., Henn, HW., & Niss, M. (eds) Modelling and Applications in Mathematics Education (New ICMI Study Series, vol 10, pp. 219-224). Springer US. https://doi.org/10.1007/978-0-387-29822-1_22","This chapter provides an overview of modeling competencies within mathematics education, categorizing modeling activities into implicit, explicit, and critical levels. It emphasizes developing these competencies for mathematical literacy and real-world problem-solving, with critical modeling involving evaluating models, their assumptions, and limitations."
FL.MST.2,Mathematical Modeling,Mathematical Modeling of Tech-Related Real-World Problems for Secondary School-Level Mathematics,https://doi.org/10.1007/s10649-020-10020-1,"Kohen, Z., & Orenstein, D. (2021). Mathematical modeling of tech-related real-world problems for secondary school-level mathematics. Educational Studies in Mathematics, 107, 71–91. https://doi.org/10.1007/s10649-020-10020-1","This article proposes enhancing mathematics education by connecting classroom learning to real-world technology applications through mathematical modeling. It describes a framework for integrating tech-related problems into the curriculum, fostering engagement, motivation, and higher-order thinking skills like problem-solving and critical analysis."
FL.MST.2,Mathematical Modeling,Beyond Motivation: Exploring Mathematical Modeling as a Context for Deepening Students' Understandings of Curricular Mathematics,https://doi.org/10.1007/s10649-005-9002-4,"Zbiek, R.M., & Conner, A. (2006.) Beyond motivation: Exploring mathematical modeling as a context for deepening students' understandings of curricular mathematics. Educational Studies in Mathematics 63, 89-112. https://doi.org/10.1007/s10649-005-9002-4","This study demonstrates that mathematical modeling effectively deepens students' comprehension of curricular mathematics by applying concepts to complex, real-world scenarios. It highlights how these activities promote higher-level cognitive engagement, problem-solving, critical thinking, and bridge the gap between abstract theories and practical applications."
FL.MST.3,Interpreting Data,Future of Jobs Report 2025,https://www.weforum.org/reports/the-future-ofjobs-report-2025/,World Economic Forum. (2022). Future of jobs report 2025. World Economic Forum. https://www.weforum.org/reports/the-future-ofjobs-report-2025/,"The Future of Jobs Report 2025 underscores the critical importance of data literacy and the ability to work effectively with data in evolving job markets. It highlights the transformation of industries by digital access, AI, and big data, necessitating a workforce proficient in data interpretation and analysis. The report predicts significant job growth in roles like big data specialists and data analysts, emphasizing data skills for career advancement, job security, and adapting to rapid market changes."
FL.MST.3,Interpreting Data,Data Literacy: Real-World Learning Through Problem-Solving With Data Sets,http://www.jstor.org/stable/43694208,"Erwin, R. W. (2015). Data literacy: Real-world learning through problem-solving with data sets. American Secondary Education, 43(2), 18–26. http://www.jstor.org/stable/43694208","This article emphasizes teaching students to interpret data through real-world applications to highlight its relevance in professional and daily life. It argues that data interpretation skills are best developed through project-based learning with real data sets, which fosters deep engagement, meaningful conclusions, critical thinking, and interdisciplinary understanding."
FL.MST.3,Interpreting Data,Getting Messy with Authentic Data: Exploring the Potential of Using Data from Scientific Research to Support Student Data Literacy,https://doi.org/10.1187/cbe.18-02-0023,"Kjelvik, M. K., & Schultheis, E. H. (2019). Getting messy with authentic data: Exploring the potential of using data from scientific research to support student data literacy. CBE—Life Sciences Education, 18(2). https://doi.org/10.1187/cbe.18-02-0023","This article highlights the educational value of using authentic scientific datasets, which often include variability, outliers, and missing values, to develop a realistic understanding of data work. It discusses integrating data science tools like statistical software into education and emphasizes that effective data literacy involves both knowing how and when to apply these tools appropriately."
FL.MST.4,Scientific Investigation,"Intrinsic Motivation, Self-Efficacy, and Interest in Science/ Fostering Students' Identification With Mathematics and Science",http://www.jstor.org/stable/j.ctt1s474j0.17,"Glynn, S. M., Bryan, R. R., Brickman, P., & Armstrong, N. (2015). Intrinsic motivation, self-efficacy, and interest in science. In K. A. Renninger, M. Nieswandt, & S. Hidi (Eds.), Interest in mathematics and science learning (pp. 189–202). American Educational Research Association. http://www.jstor.org/stable/j.ctt1s474j0.17 Jones, B. D., Ruff, C., & Osborne, J. W. (2015). Fostering students' identification with mathematics and science. In K. A. Renninger, M. Nieswandt, & S. Hidi (Eds.), Interest in mathematics and science learning (pp. 331–352). American Educational Research Association. http://www.jstor.org/stable/j.ctt1s474j0.25","These book chapters highlight the crucial roles of intrinsic motivation, self-efficacy, and interest in fostering scientific literacy among high school and college students, emphasizing that these elements are essential for all students to effectively engage with scientific concepts. The findings indicate that intrinsic motivation and self-efficacy are mutually reinforcing and strongly associated with students' science achievement, and fostering students' incorporation of mathematics and science into their identity is critical for sustained interest and commitment. Improving science and math outcomes requires educational environments that promote personal engagement, relevance, and identification with mathematical and scientific concepts, through real-world applications, projects, collaborative work, and opportunities for students to explore their own scientific questions."
FL.MST.4,Scientific Investigation,Effects of Inquiry-Based Approaches on Students' Higher-Order Thinking Skills in Science: A Meta-Analysis,https://doi.org/10.46328/ijemst.3216,"Antonio, R.P. & Prudente M.S. (2024). Effects of inquiry-based approaches on students' higher-order thinking skills in science: A meta-analysis. International Journal of Education in Mathematics, Science, and Technology, 12(1), 251-281. https://doi.org/10.46328/ijemst.3216","This meta-analysis concludes that inquiry-based science learning significantly enhances students' higher-order thinking skills by engaging them in key phases like posing questions, conducting investigations, interpreting data, and drawing conclusions. This hands-on method helps students develop critical thinking, problem-solving, collaborative, and data interpretation skills, fostering a deeper understanding of scientific concepts. Inquiry-based science also increases student engagement and interest by linking educational content with real-world applications, making learning more relevant and enjoyable."
FL.MST.4,Scientific Investigation,Using Cooperative Learning to Enhance Students' Learning and Engagement During Inquiry-Based Science,https://doi.org/10.3390/educsci13121242,"Gillies, Robyn M. (2023). Using cooperative learning to enhance students' learning and engagement during inquiry-based science. Education Sciences, 13(12), 1242. https://doi.org/10.3390/educsci13121242","This review highlights the effectiveness of cooperative learning strategies in inquiry-based science education, emphasizing active student participation and enhancing engagement and learning outcomes. It explains that inquiry-based learning, coupled with structured group work, prompts students to explore solutions and engage deeply with scientific content, thereby improving their understanding. Cooperative learning in an inquiry-based framework also develops critical thinking, problem-solving, and communication skills, leading to higher academic achievement, greater engagement, and more positive attitudes towards science."
FL.MST.4,Scientific Investigation,Alignment of Hands-On STEM Engagement Activities with Positive STEM Dispositions in Secondary School Students,http://www.jstor.org/stable/43867753,"Christensen, R., Knezek, G., & Tyler-Wood, T. (2015). Alignment of hands-on STEM engagement activities with positive STEM dispositions in secondary school students. Journal of Science Education and Technology, 24(6), 898-909. http://www.jstor.org/stable/43867753","This study demonstrates that hands-on STEM activities, including laboratory experiments, engineering design projects, and mathematical modeling, significantly increase student engagement and interest in STEM fields. Students who participate in these activities show a deeper understanding of content and stronger connections to STEM careers, with a notable alignment between engagement activities and positive STEM dispositions, especially those involving real-world applications, problem-solving, and collaboration. The study concludes that such activities not only enhance immediate educational experience but also prepare students for future educational and career paths in STEM fields, emphasizing the importance of developing both hard and soft skills."
FL.MST.4,Scientific Investigation,Effect of Scientific Argumentation on the Development of Critical Thinking,https://doi.org/10.1007/s11191-020-00120-y,"Giri, V., & Paily, M.U. (2020). Effect of scientific argumentation on the development of critical thinking. Science & Education, 29, 673-690. https://doi.org/10.1007/s11191-020-00120-y","This study examines how scientific argumentation enhances critical thinking skills in secondary biology education, finding that students using this approach showed significant improvement over those in traditional teaching. It highlights scientific argumentation as a vital pedagogical method for understanding the evolving nature of science through evidence-based discussions and debates. Incorporating scientific argumentation into the curriculum fosters deeper understanding of concepts and enhances critical thinking, preparing students for rigorous scientific inquiry and problem-solving in real-world contexts."
GC.IS.2,Negotiating Conflict,"Collaboration, Intragroup Conflict, and Social Skills in Project-Based Learning",http://www.jstor.org/stable/43575307,"Lee, D., Huh, Y., & Reigeluth, C. M. (2015). Collaboration, intragroup conflict, and social skills in project-based learning. Instructional Science, 43(5), 561–590. http://www.jstor.org/stable/43575307","This study explores how social skills and intragroup conflicts impact collaborative project-based learning (PBL) in high school settings, emphasizing that effective collaboration skills and the ability to resolve conflicts are essential for successful teamwork. It categorizes intragroup conflicts into task-related, process-related, and relationship-related types, noting that strong group-level social skills are crucial in minimizing detrimental process and relationship-related conflicts and promoting effective collaboration."
GC.IS.2,Negotiating Conflict,The Impact of Enhancing Students' Social and Emotional Learning: A Meta-Analysis of School-Based Universal Interventions,https://doi.org/10.1111/j.1467-8624.2010.01564.x,"Durlak, J. A., Weissberg, R. P., Dymnicki, A. B., Taylor, R. D., & Schellinger, K. B. (2011). The impact of enhancing students' social and emotional learning: A meta-analysis of school-based universal interventions. Child Development, 82(1), 405–432. https://doi.org/10.1111/j.1467-8624.2010.01564.x","This meta-analysis of over 200,000 K-12 students found that social-emotional learning (SEL) programs significantly improve academic performance, social behaviors, and emotional well-being, with an average 11-percentile-point gain in academic achievement and reduced behavioral issues. The authors highlight conflict resolution as an essential social competency that can be effectively taught within SEL programs through explicit instruction and interactive activities. This integration supports improved social behaviors, reduced conduct problems, and a more positive school environment, underscoring the benefits of SEL for individual development and a healthier school atmosphere."
GC.IS.2,Negotiating Conflict,Now more than ever: Why youth organizing work belongs in schools and what that means in theory and practice,https://www.jstor.org/stable/26757714,"Arthurs, S. G. (2018). Now more than ever: Why youth organizing work belongs in schools and what that means in theory and practice. The High School Journal, 102(1), 46–71. https://www.jstor.org/stable/26757714","This study indicates that adolescence is a crucial period for identity development, self-efficacy, and civic awareness, and programs integrating youth organizing activities can capitalize on students' growing capacity for critical thinking. These activities create natural opportunities for students to develop and hone conflict resolution skills by encouraging critical thinking, open dialogue about community issues, and understanding diverse viewpoints. Educators should integrate experiential learning and support student-led initiatives to foster a culture of collaboration and civic engagement, enhancing conflict resolution and organizing skills."
GC.IS.2,Negotiating Conflict,The prosocial classroom: Teacher social and emotional competence in relation to student and classroom outcomes,https://doi.org/10.3102/0034654308325693,"Jennings, P. A., & Greenberg, M. T. (2009). The prosocial classroom: Teacher social and emotional competence in relation to student and classroom outcomes. Review of Educational Research, 79(1), 491-525. https://doi.org/10.3102/0034654308325693","This article highlights the critical role of teachers' social and emotional competence (SEC) in fostering positive classroom environments, effective classroom management, and stronger student relationships. Teachers with high SEC are better equipped to navigate and resolve conflicts using skills like emotional regulation, perspective-taking, and effective communication, promoting cooperation and intrinsic motivation among students. Such teachers are more likely to use proactive strategies to address classroom conflicts, understanding peer dynamics and underlying issues, thus contributing to a positive classroom climate that supports both social-emotional and academic outcomes."
GC.IS.2,Negotiating Conflict,Trajectories of Antisocial Behavior and Psychosocial Maturity From Adolescence to Young Adulthood,https://doi.org/10.1037/a0015862,"Monahan, K. C., Steinberg, L., Cauffman, E., & Mulvey, E. P. (2009). Trajectories of antisocial behavior and psychosocial maturity from adolescence to young adulthood. Developmental Psychology, 45(6), 1654–1668. https://doi.org/10.1037/a0015862","This study indicates that antisocial behavior declines as young people mature from adolescence to young adulthood due to cognitive development, which enhances their ability to consider long-term consequences and curb impulsivity. With growth in emotional and cognitive skills, such as empathy and conflict management, there is a natural decline in behaviors that harm or create disagreement. The authors suggest that adolescence is a key stage for interventions to help teenagers develop positive ways to navigate and reduce conflict, and improving emotional and cognitive skills can effectively reduce antisocial behavior."
GC.IS.3,Building Empathy,Empathy and Positive Aspects of Adolescent Peer Relationships: A Scoping Review,https://doi.org/10.1007/s10826-020-01753-x,"Portt, E., Person, S., Person, B., Rawana, E., & Brownlee, K. (2020). Empathy and positive aspects of adolescent peer relationships: A scoping review. Journal of Child and Family Studies, 29(9), 2416-2433. https://doi.org/10.1007/s10826-020-01753-x","This review examines the relationship between empathy and positive aspects of adolescent interpersonal functioning, noting its relevance to improving prosocial behavior and well-being among adolescents. During adolescence, peer relationships become critical for empathy development, which facilitates deeper understanding and connection. The authors identify cognitive empathy (understanding others' perspectives) and affective empathy (sharing or understanding others' emotions), suggesting that fostering empathy in educational settings can significantly enhance the quality of peer relationships through perspective-taking and empathetic interactions."
GC.IS.4,Productive Collaboration,Teaching Adolescents To Become Learners: The Role of Noncognitive Factors in Shaping School Performance: A Critical Literature Review,,"Farrington, C.A., Roderick, M., Allensworth, E., Nagaoka, J., Keyes, T.S., Johnson, D.W., & Beechum, N.O. (2013). Teaching adolescents to become learners. The role of noncognitive factors in shaping school performance: A critical literature review. The University of Chicago Consortium on Chicago School Research.","This study highlights that noncognitive factors like collaboration are crucial for students' academic and future career success. It emphasizes that collaboration skills, including cooperation, assertion, responsibility, and empathy, are particularly vital for adolescents as they correlate with career readiness. The authors advocate for educational strategies that promote social skills development to enhance student success and prepare them for collaborative roles."
GC.IS.4,Productive Collaboration,"Collaboration, Intragroup Conflict, and Social Skills in Project-Based Learning",http://www.jstor.org/stable/43575307,"Lee, D., Huh, Y., & Reigeluth, C. M. (2015). Collaboration, intragroup conflict, and social skills in project-based learning. Instructional Science, 43(5), 561-590. http://www.jstor.org/stable/43575307",This case study examines how social skills and intragroup conflicts influence collaborative project-based learning (PBL) in high school settings. It underscores the importance of collaborative skills and conflict resolution for successful teamwork and project completion. The study also categorizes intragroup conflicts and highlights how strong group-level social skills are critical in minimizing conflicts and promoting productive collaboration.
GC.IS.4,Productive Collaboration,Impactful Learning Environments: A Humanistic Approach to Fostering Adolescents' Post Industrial Social Skills.,doi:10.1177/0022167818779948,"Leach, N. (2018). Impactful learning environments: A humanistic approach to fostering adolescents' postindustrial social skills. Journal of Humanistic Psychology, (62)3 doi:10.1177/0022167818779948","This longitudinal ethnographic case study explored the development of ""post industrial social skills"" such as communication, collaboration, and interpersonal skills. The author found that humanistic learning environments, characterized by a strong sense of community and a culture of respect, significantly fostered collaboration skills among students. Students felt comfortable in collaborative settings and appreciated diversity of experience and opinion, which enhanced their understanding of collaboration skills as an asset."
GC.IS.4,Productive Collaboration,Using Problem-Centered Learning for Teaching Collaboration in a General Methods Course,https://doi.org/10.1080/00098650309601231,"Memory, D. M., Yoder, C. Y., & Williams, R. O. (2003). Using problem-centered learning for teaching collaboration in a general methods course. The Clearing House: A Journal of Educational Strategies, Issues and Ideas, 77(2), 67-72. https://doi.org/10.1080/00098650309601231","This study demonstrates how problem-centered learning can effectively teach collaboration skills to student teachers by engaging them in real-world scenarios. Student teachers work in diverse teams, take turns leading problem-solving activities, and develop a deeper understanding of collaboration dynamics. This experience not only aids their professional growth but also enhances their ability to model and foster collaborative learning environments for their future students."
GC.IS.4,Productive Collaboration,Using Cooperative Learning to Enhance Students' Learning and Engagement During Inquiry-Based Science,https://doi.org/10.3390/educsci13121242,"Gillies, R. M. (2023). Using cooperative learning to enhance students' learning and engagement during inquiry-based science. Education Sciences, 13(12), 1242. https://doi.org/10.3390/educsci13121242","This review examines the effectiveness of cooperative learning strategies in inquiry-based science education, highlighting its role in fostering student curiosity and participation. Cooperative learning encourages students to work in groups to solve problems, enhancing their understanding and retention of scientific concepts and developing important social skills. The study emphasizes that effective implementation requires significant changes in classroom management and teaching strategies, with teachers adopting more facilitative roles."
GC.SA.1,Diverse Perspectives,Longitudinal Research on Perspective Taking in Adolescence: A Systematic Review,https://doi.org/10.1007/s40894-021-00150-9,"Hall, H.K., Millear, P.M.R., Summers, M.J., & Isbel, B. (2021). Longitudinal research on perspective taking in adolescence: A systematic review. Adolescent Research Review, 6, 125-150. https://doi.org/10.1007/s40894-021-00150-9","This article highlights perspective-taking as a crucial socio-cognitive skill that develops during adolescence, supporting prosocial behaviors, conflict resolution, and improved relationships. The development of strong perspective-taking skills is linked to higher self-esteem, reduced depressive symptoms, and greater psychological well-being."
GC.SA.1,Diverse Perspectives,"Creativity, Critical Thinking, Communication, and Collaboration: Assessment, Certification, and Promotion of 21st Century Skills for the Future of Work and Education",https://doi.org/10.3390/jintelligence11030054,"Thornhill-Miller, B., Camarda, A., Mercier, M., Burkhardt, J.-M., Morisseau, T., Bourgeois-Bougrine, S., Vinchon, F., El Hayek, S., Augereau-Landais, M., Mourey, F., Feybesse, C., Sundquist, D., & Lubart, T. (2023). Creativity, critical thinking, communication, and collaboration: Assessment, certification, and promotion of 21st century skills for the future of work and education. Journal of Intelligence, 11(3), 54. https://doi.org/10.3390/jintelligence11030054","This article emphasizes the importance of the '4Cs'—creativity, critical thinking, communication, and collaboration—for 21st-century demands. It argues that diverse perspectives enhance collaboration by introducing varied ways of understanding problems, framing solutions, and generating innovative ideas. Schools can support these skills through team-based projects, fostering adaptability and respect for others."
GC.SA.1,Diverse Perspectives,Social Cognitive Development During Adolescence,https://doi.org/10.1093/scan/nsIO24,"Choudhury, S., Blakemore, S-J., Charman, T. (2006). Social cognitive development during adolescence. Social Cognitive and Affective Neuroscience, 1(3), 165–174, https://doi.org/10.1093/scan/nsIO24","This study indicates that adolescence is a crucial period for developing neurocognitive functions that support understanding and reconciling differing perspectives. Perspective-taking abilities improve throughout adolescence, enabling young people to transition from egocentric to allocentric viewpoints. Adolescents who excel in perspective-taking are better equipped for leadership, conflict resolution, and other social roles."
GC.SA.1,Diverse Perspectives,"The Difference: How the Power of Diversity Creates Better Groups, Firms, Schools, and Societies",,"Page, S. E. (2007). The difference: How the power of diversity creates better groups, firms, schools, and societies. Princeton University Press.","This book explores how diversity in groups leads to better problem-solving, decision-making, and innovation, especially in complex environments. It emphasizes that a modern economy requires adaptability, problem-solving, and cross-cultural communication, skills developed through exposure to diverse perspectives."
GC.SA.1,Diverse Perspectives,Does Diversity Matter? Measuring the Impact of High School Diversity on Freshman GPA,https://doi.org/10.1111/j.0190-292X.2004.00056.x,"Tam, M.Y.S., & Bassett, G.W., Jr. (2004). Does diversity matter? Measuring the impact of high school diversity on freshman GPA. Policy Studies Journal, 32, 129-143. https://doi.org/10.1111/j.0190-292X.2004.00056.x","Research suggests that students in diverse educational environments learn and think in deeper, more complex ways. Exposure to varied perspectives challenges students to think critically and adaptively, improving communication, empathy, and cultural understanding. Students from more diverse high schools tend to achieve higher GPAs in college, particularly minority and less represented groups."
GC.SA.2,Navigating Power,"Civic Education, Civic Engagement, and Youth Civic Development",https://doi.org/10.1017/s1049096503002191,"Dudley, R. L., & Gitelson, A. R. (2003). Civic education, Civic engagement, and youth civic development. Political Science and Politics, 36(2), 263–267. https://doi.org/10.1017/s1049096503002191","This article discusses the crucial role of political knowledge in fostering democratic citizenship and civic engagement. It highlights that civic education should cover government mechanics, political processes, and societal power structures to empower young people to participate effectively in their communities and political systems."
GC.SA.2,Navigating Power,"Unraveling the Complexity of Critical Consciousness, Political Efficacy, and Political Action Among Marginalized Adolescents",https://doi.org/10.1111/cdev.12446,"Diemer, M. A., & Rapa, L. J. (2016). Unraveling the complexity of critical consciousness, political efficacy, and political action among marginalized adolescents. Child Development, 87(1), 221-238. https://doi.org/10.1111/cdev.12446","This study examines how critical consciousness impacts political engagement among marginalized adolescents. It shows that perceptions of inequality influence various forms of political participation, and integrating discussions about structural inequalities into the curriculum helps students understand power dynamics and participate actively in civic life."
GC.SA.2,Navigating Power,Civic Engagement and the Transition to Adulthood,https://doi.org/10.1353/foc.0.0043,"Flanagan, C., & Levine, P. (2010). Civic engagement and the transition to adulthood. The Future of Children, 20(1), 159-179. https://doi.org/10.1353/foc.0.0043","This article emphasizes the importance of civic engagement in sustaining democracy and supporting young adults' personal growth. Civic activities provide opportunities to analyze social, political, and economic power dynamics, fostering a sense of belonging and purpose. The authors advocate for programs that ensure all youth, especially those from lower socioeconomic backgrounds, can participate in civic activities."
GC.SA.2,Navigating Power,"Building Power, Learning Democracy: Youth Organizing as a Site of Civic Development",https://doi.org/10.3102/0091732X11422328,"Rogers, J., Mediratta, K., & Shah, S. (2012). Building power, learning democracy: Youth organizing as a site of civic development. Review of Research in Education, 36(1), 43–66. https://doi.org/10.3102/0091732X11422328","This chapter focuses on youth organizing as a platform for young people to engage in civic actions and understand democracy. Youth organizing helps participants grasp policy formation and influence, fostering critical thinking and collaboration. It allows youth voices to be heard in public debates and decision-making, leading to substantive change."
GC.SAg.1,Community Advocacy,The Psychology of Citizenship and Civic Engagement.,https://doi.org/10.1093/acprof:oso/9780199752126.001.0001,"Pancer, S. M. (2015). The psychology of citizenship and civic engagement. Oxford University Press. https://doi.org/10.1093/acprof:oso/9780199752126.001.0001","This book explores factors influencing civic engagement, emphasizing the crucial role of schools and neighborhoods in fostering civic participation from an early age. It highlights that civic involvement can deter negative behaviors in young people and correlates with better academic performance and enhanced social skills. The text underscores the importance of early civic engagement as foundational for healthy adolescent development and successful transition into adult roles."
GC.SAg.1,Community Advocacy,"Citizenship, Curriculum, and Critical Thinking Beyond the Four Walls of the Classroom: Linking the Academic Content with Service-Learning",http://www.jstor.org/stable/23479630,"Ponder, J., Veldt, M. V., & Lewis-Ferrell, G. (2011). Citizenship, curriculum, and critical thinking beyond the four walls of the classroom: Linking the academic content with service-learning. Teacher Education Quarterly, 38(4), 45-68. http://www.jstor.org/stable/23479630","This study discusses the importance of service-learning in enhancing academic achievement and promoting civic responsibility and community engagement. Teachers created service-learning projects aligned with social justice themes, allowing students to apply civic knowledge and critical thinking skills in real-world contexts. These projects help students develop a robust civic identity and encourage active participation in their communities through meaningful problem-solving."
GC.SAg.1,Community Advocacy,"Different Pedagogy, Different Politics: High School Learning Opportunities and Youth Political Engagement",https://doi.org/10.1111/j.1467-9221.2012.00936,"Kahne, J., Crow, D., & Lee, N.-J. (2013). Different pedagogy, different politics: High school learning opportunities and youth political engagement. Political Psychology, 34(3), 419–441. https://doi.org/10.1111/j.1467-9221.2012.00936","This study examines how various pedagogical approaches in high schools influence students' civic and political engagement. It finds that open classroom discussions promote engagement with traditional political activities, while service-learning opportunities are more effective at encouraging community-based actions. Both types of educational experiences increase students' commitment to participatory citizenship, emphasizing the importance of diverse civic learning opportunities for fostering a broad range of civic competencies among youth."
GC.SAg.2,Community Mobilization,Civic Purpose: An Integrated Construct for Understanding Civic Development in Adolescents,https://www.jstor.org/stable/26765100,"Malin, H., Ballard, P. J., & Damon, W. (2015). Civic purpose: An integrated construct for understanding civic development in adolescence. Human Development, 58(2), 103–130. https://www.jstor.org/stable/26765100","This article examines the development of civic purpose in adolescence and its role in reducing antisocial behavior through emotional and cognitive growth. Early indicators of purpose often manifest when young people experience empathy in response to the suffering or negative experiences of others and then take action to alleviate that suffering. The integration of emotional empathy and cognitive development leads to the formulation of civic purpose, which is defined as a sustained intention to contribute to the world beyond oneself through civic or political action."
GC.SAg.2,Community Mobilization,The Psychology of Citizenship and Civic Engagement,https://doi.org/10.1093/acprof:oso/9780199752126.001.0001,"Pancer, S. M. (2015). The psychology of citizenship and civic engagement. Oxford University Press. https://doi.org/10.1093/acprof:oso/9780199752126.001.0001","This book discusses a number of factors influencing civic engagement, including the role of schools and neighborhoods in fostering civic engagement among individuals. It emphasizes that these environments often offer the first real community experiences that influence lifelong civic participation. The book underscores the importance of early civic engagement as a foundational element for healthy adolescent development and a successful transition into adult roles within society."
GC.SAg.2,Community Mobilization,Civic Engagement and the Transition to Adulthood,https://doi.org/10.1353/foc.0.0043,"Flanagan, C., & Levine, P. (2010). Civic engagement and the transition to adulthood. The Future of Children, 20(1), 159-179. https://doi.org/10.1353/foc.0.0043","Civic engagement helps maintain a functioning democracy and supports the personal growth and maturation of young adults. Engaging in civic activities meets human needs for belonging and purpose beyond personal gain, and it allows young adults to contribute to their communities, thereby gaining a stake in society's future. The article emphasizes the need for institutions and policies to better incorporate young adults into civic life."
GC.SAg.2,Community Mobilization,Developing Social Entrepreneurs and Social Innovators: A Social Identity and Self-Efficacy Approach,https://doi.org/10.5465/amle.2011.0016,"Smith, I. H., & Woodworth, W. P. (2012). Developing social entrepreneurs and social innovators: A social identity and self-efficacy approach. Academy of Management Learning & Education, 11(3), 390-407. https://doi.org/10.5465/amle.2011.0016","The authors of this article emphasize the role of social identity and self-efficacy in cultivating ""social entrepreneurs."" Social identity theory suggests that people define themselves by the groups to which they belong, and self-efficacy involves belief in one's capability to achieve a goal. The authors argue for a structured approach in social entrepreneurship education, emphasizing the importance of developing a strong social identity and self-efficacy."
GC.SAg.2,Community Mobilization,Adolescent Civic and Political Engagement: Associations Between Domain-Specific Judgments and Behavior,http://www.jstor.org/stable/29738625,"Metzger, A., & Smetana, J. G. (2009). Adolescent civic and political engagement: Associations between domain-specific judgments and behavior. Child Development, 80(2), 433–441. http://www.jstor.org/stable/29738625","This study investigated how adolescents differentiate various forms of civic involvement—such as community service, political activities, and social movements—based on moral, conventional, and personal judgments. Utilizing social domain theory, the study found, for example, that adolescents often viewed community service activities as moral obligations, emphasizing the importance of helping others. The study concludes that adolescents' conceptualizations of civic involvement are influenced by their social and educational experiences and that these perceptions shape their engagement in civic activities."
LL.SAw.1,Wellness,The Bioecological Model of Human Development,https://doi.org/10.1002/9780470147658.chpsy0114,"Bronfenbrenner, U., & Morris, P. A. (2006). The bioecological model of human development. In R. M. Lerner & W. Damon (Eds.), Handbook of child psychology: Theoretical models of human development (6th ed., pp. 793–828). John Wiley & Sons, Inc. https://doi.org/10.1002/9780470147658.chpsy0114","This article outlines the ""bioecological"" model of human development, a system for exploring the complex interplays between environmental factors and individual development across a person's lifespan. The model posits that an individual's biology as well as their abilities, knowledge, and skills interact with their environments, all across their lifespan. Ultimately, learning environments—and the adults in them—should attend not only to students' common goals for learning, but also the highly individualized ways that learning will occur."
LL.SAw.1,Wellness,"We Feel, Therefore We Learn: The Relevance of Affective and Social Neuroscience to Education",https://doi.org/10.1111/j.1751-228X.2007.00004.x,"Immordino-Yang, M. H., & Damasio, A. (2007). We feel, therefore we learn: The relevance of affective and social neuroscience to education. Mind, Brain, and Education, 1(1), 3-10. https://doi.org/10.1111/j.1751-228X.2007.00004.x","This article discusses the relevance of affective and social neuroscience to education. While the summary text is incomplete in the provided image, the title suggests its focus on how emotions and social interactions impact learning. This source would likely support the Wellness competency by explaining the neurobiological underpinnings of emotional regulation and its role in a student's ability to learn and thrive."
LL.SAw.3,Understanding Self,Evolution of Self-Awareness and the Cultural Emergence of Academic and Non-academic Self-Concepts,https://doi.org/10.1007/s10648-022-09669-2,"Geary, D., & Xu, K.M. (2022). Evolution of self-awareness and the cultural emergence of academic and non-academic self-concepts. Educational Psychology Review, 34, 2323-2349. https://doi.org/10.1007/s10648-022-09669-2","This article highlights that academic self-concepts, which involve perceptions of one's capabilities, significantly impact academic performance by increasing motivation and engagement in learning activities. Students with a strong academic self-concept are more likely to pursue higher education and skilled jobs, leading to better economic outcomes. The development of these self-concepts is influenced by the cultural environment, underscoring the importance for educators and policymakers to consider cultural factors in fostering students' self-awareness and academic success."
LL.SAw.3,Understanding Self,Competence and Motivation during Adolescence,,"Yeager, D. S., Lee, H. Y., & Dahl, R. E. (2017). Competence and motivation during adolescence. In A. J. Elliot, C. S. Dweck, & D. S. Yeager (Eds.), Handbook of competence and motivation: Theory and application (2nd ed., pp. 431-448). The Guilford Press.","This chapter suggests that adolescents possess unique cognitive flexibilities and decision-making capabilities that can enhance learning, particularly when educational experiences allow them to feel competent based on their authentic interests. It emphasizes that perceived competence is a key factor influencing motivation to learn, leading to enhanced engagement. The authors advocate for educational practices and interventions that respect adolescent developmental progressions, creating learning environments that offer meaningful challenges and support autonomy, relatedness, and competence."
LL.SAw.3,Understanding Self,Motivation Interventions in Education: A Meta-Analytic Review,https://doi.org/10.3102/0034654315617832,"Lazowski, R. A., & Hulleman, C. S. (2016). Motivation interventions in education: A meta-analytic review. Review of Educational Research, 86(2), 602-640. https://doi.org/10.3102/0034654315617832","This review posits that adolescence is a crucial period for cultivating motivational processes that foster self-awareness and self-efficacy, which are foundational for effective motivation. Interventions that help students align learning activities with their values and goals can enhance their self-awareness and perceived control over learning, thereby increasing intrinsic motivation. Furthermore, interventions that nurture students' beliefs in their capabilities to execute tasks successfully support the development of self-awareness of their skills and capabilities, ultimately improving academic engagement and success."
LL.SAw.3,Understanding Self,A Social-Cognitive Approach to Motivation and Personality,https://doi.org/10.1037/0033-295X.95.2.256,"Dweck, C. S., & Leggett, E. L. (1988). A social-cognitive approach to motivation and personality. Psychological Review, 95(2), 256-273. https://doi.org/10.1037/0033-295X.95.2.256","This source was not summarized in the provided text. Therefore, a summary cannot be generated."
LL.SD.1,Self-Motivation,Interest Development and Learning,https://doi.org/10.1017/9781316823279.013,"Renninger, K. A., & Hidi, S. E. (2019). Interest development and learning. In The cambridge handbook of motivation and learning (pp. 265–290). Cambridge University Press. https://doi.org/10.1017/9781316823279.013","This review explores how interest develops from initial engagement to deep personal commitment, highlighting that all individuals can develop interest in any content area. The authors emphasize that interest not only increases engagement but also improves persistence, even when tasks become challenging, and suggest educators link new content to existing interests or introduce novel applications to enhance student engagement."
LL.SD.1,Self-Motivation,The Effect of Motive-Goal Congruence on Adolescents' Academic Goal Engagement and Disengagement,https://doi.org/10.1007/s11031-022-09946-1,"Yau, P. S., Cho, Y., Kay, J., & Heckhausen, J. (2022). The effect of motive-goal congruence on adolescents' academic goal engagement and disengagement. Motivation and Emotion, 46(4), 447-460. https://doi.org/10.1007/s11031-022-09946-1","This study differentiates between implicit motives and explicit goals, showing both components independently and in interaction significantly influence students' engagement with academic goals. Adolescence is highlighted as a critical period for aligning intrinsic motivations with explicit academic goals to enhance engagement and reduce disengagement. Educational interventions should focus on helping students set realistic yet challenging goals that resonate with their deeper motivations, promoting sustained engagement."
LL.SD.1,Self-Motivation,States of Curiosity Modulate Hippocampus-Dependent Learning via the Dopaminergic Circuit,https://doi.org/10.1016/j.neuron.2014.08.060,"Gruber, M.J., Gelman, B.D., & Ranganath, C. (2014). States of curiosity modulate hippocampus-dependent learning via the dopaminergic circuit. Neuron, 84(2), 486-496. https://doi.org/10.1016/j.neuron.2014.08.060","This study uses fMRI to demonstrate that curiosity enhances learning of new information and memory retention, even for information not inherently interesting, during heightened curiosity. The findings suggest a link between neurological structures involved in extrinsic and intrinsic motivation, providing strong motivation for educators to build learning experiences that honor students' interests and curiosity to improve material retention."
LL.SD.1,Self-Motivation,The Role of the Learning Environment in Adolescents' Motivational Development,https://doi.org/10.1007/s11031-021-09879–1,"Raufelder, D., & Kulakow, S. (2021). The role of the learning environment in adolescents' motivational development. Motivation and Emotion, 45(3), 299–311. https://doi.org/10.1007/s11031-021-09879–1","This study compares a conventional teacher-directed learning (TDL) environment and a student-directed learning (SDL) environment, finding that SDL better supports students' motivational needs. The authors conclude that tailored learning environments can mitigate typical declines in motivation during adolescence, emphasizing strategies like offering more autonomy and opportunities for self-directed learning as students progress through school."
LL.SD.1,Self-Motivation,The Importance of Motivation as a Predictor of School Achievement,https://doi.org/10.1016/j.lindif.2008.05.004,"Steinmayr, R., & Spinath, B. (2009). The importance of motivation as a predictor of school achievement. Learning and Individual Differences, 19(1), 80-90. https://doi.org/10.1016/j.lindif.2008.05.004","This study examines various motivational factors beyond intelligence that predict academic success among high school students, including domain-specific values, self-perceptions of ability, goals, and achievement motives. The authors highlight the significant role of personal relevance and motivation in education, suggesting that fostering positive motivational attitudes and student interest in classroom settings enhances academic performance."
LL.SD.2,Wayfinding,The Relation Between Self-Regulated Learning and Academic Achievement Across Childhood and Adolescence: A Meta-Analysis,https://doi.org/10.1007/s10648-015-9320-8,"Dent, A. L., & Koenka, A. C. (2016). The relation between self-regulated learning and academic achievement across childhood and adolescence: A meta-analysis. Educational Psychology Review, 28(3), 425-474. https://doi.org/10.1007/s10648-015-9320-8","This meta-analysis finds that self-regulated learning strategies become more impactful as students progress into high school, showing a stronger association with academic performance due to the complexities of tasks and students' cognitive maturity. The authors emphasize the critical role of self-regulated learning in enhancing academic achievement, highlighting that metacognitive processes like planning, monitoring, and evaluating are particularly important for navigating complex academic tasks."
LL.SD.2,Wayfinding,Self-Determination as a Source of Self-Esteem in Adolescence,https://doi.org/10.2307/2580355,"Owens, T. J., Mortimer, J. T., & Finch, M. D. (1996). Self-determination as a source of self-esteem in adolescence. Social Forces, 74(4), 1377–1404. https://doi.org/10.2307/2580355","This study finds that self-determination in family, school, and part-time job settings significantly influences adolescents' self-esteem, with a sense of control and autonomy leading to higher self-esteem. The article highlights that experiences allowing personal discretion and engaging tasks are pivotal in shaping an adolescent's self-concept and esteem. Skills and attitudes developed through autonomous experiences in one domain can influence perceptions and behaviors in others, emphasizing interconnectedness in adolescent development."
LL.SD.2,Wayfinding,Youth Development Programs: Supporting Self-Motivation in Project-Based Learning,https://doi.org/10.1017/9781316823279.007,"Larson, R. W., McGovern, G., Orson, C., Renninger, K. A., & Hidi, S. E. (2019). Youth development programs: Supporting self-motivation in project-based learning. In The Cambridge Handbook of Motivation and Learning (pp. 111–138). Cambridge University Press. https://doi.org/10.1017/9781316823279.007","This chapter explores how self-motivation and wayfinding skills can be developed through project-based learning, highlighting project-based afterschool youth development programs as significant learning contexts. Projects introduce challenges, and structured support from teachers and peers helps students learn to navigate these challenges through strategies like iterative thinking. Project-based learning significantly boosts motivation, often surpassing traditional school settings, with motivation tending to increase over time."
LL.SD.2,Wayfinding,Fostering High-School Students' Self-Regulated Learning Online and Across Academic Domains,https://doi.org/10.1353/hsj.2015.0019,"Greene, J. A., Bolick, C. M., Caprino, A. M., Deekens, V. M., McVea, M., Yu, S., & Jackson, W. P. (2015). Fostering high-school students' self-regulated learning online and across academic domains. The High School Journal, 99(1), 88-106. https://doi.org/10.1353/hsj.2015.0019","This article discusses self-regulated learning skills as critical for managing and utilizing online information effectively, including planning, goal-setting, strategy development, monitoring, and adjusting based on feedback, and reflection. These skills help improve future learning strategies and are key for adolescents to learn from experiences and develop their ability to recognize and navigate challenges."
LL.SD.3,Self-Advocacy,Older and Wiser: Mentoring Relationships in Childhood and Adolescence.,https://doi.org/10.1007/BF01324592,"Rhodes, J. E. (1994). Older and wiser: Mentoring relationships in childhood and adolescence. The Journal of Primary Prevention, 14(3), 187-196. https://doi.org/10.1007/BF01324592","This review examines the impact of mentoring on resilience in high-risk youth and synthesizes literature across various fields to provide a comprehensive understanding of mentor relationships. The author underscores the role of mentors in contributing to resilience among youth, particularly those in high-risk environments, drawing on literature on social support, resilience, and mentoring. Mentoring relationships can have a protective influence, providing critical social support that can shield youth from developmental risks and promote healthy outcomes."
LL.SD.3,Self-Advocacy,Stand by Me: The Risks and Rewards of Mentoring Today's Youth.,https://doi.org/10.2307/j.ctvjz8142,"Rhodes, J. E. (2002). Stand by me: The risks and rewards of mentoring today's youth. Harvard University Press. https://doi.org/10.2307/j.ctvjz8142","This book discusses potential downsides, noting that ineffective mentoring relationships can harm vulnerable youth, stressing the importance of careful mentor selection and training. The author critiques the lack of depth in current research, the small effect sizes found, and the often overly positive portrayal of mentoring effects in the media. While acknowledging the potential of mentoring to significantly benefit youth, the author urges a balanced view that recognizes the complexities and challenges of effectively implementing mentoring programs."
LL.SD.3,Self-Advocacy,It's Who You Know That Matters: Identifying Which Type of Informal Mentor Is Most Likely to Promote Economic Mobility for Vulnerable Youth,https://doi.org/10.1007/s10935-021-00630-7,"Gowdy, G., & Spencer, R. (2021). It's who you know that matters: Identifying which type of informal mentor is most likely to promote economic mobility for vulnerable youth. The Journal of Primary Prevention, 42(3), 217-238. https://doi.org/10.1007/s10935-021-00630-7","This study explores the impact of different types of mentoring on the economic mobility of youth from low-income backgrounds. The research focuses on how informal mentoring relationships, distinct from structured programs, support upward economic mobility for youth facing significant socioeconomic disadvantages. The findings of the study indicate that ""capital mentoring,"" which involves mentors who provide significant connections to external resources and networks, are most heavily associated with greater economic mobility."
LL.SD.3,Self-Advocacy,Does Natural Mentoring Matter? A Multilevel Meta-analysis on the Association Between Natural Mentoring and Youth Outcomes,https://doi.org/10.1002/ajcp.12248,"Van Dam, L., Smit, D., Wildschut, B., Branje, S. J. T., Rhodes, J. E., Assink, M., & Stams, G. J. J. M. (2018). Does natural mentoring matter? A multilevel meta-analysis on the association between natural mentoring and youth outcomes. American Journal of Community Psychology, 62(1-2), 203-220. https://doi.org/10.1002/ajcp.12248","This meta-analysis provides a comprehensive view of the impact of ""natural mentoring"" (mentorship that occurs through naturally forming relationships between youth and non-parental adults who are part of their existing social networks) on academic and vocational functioning, social-emotional development, physical health, and psychosocial problems. The authors examine data from 30 studies from 1992 to 2018; they observe that the presence of a natural mentor was significantly associated with positive youth outcomes across all domains. The largest effect sizes were found in social-emotional development and academic and vocational functioning, indicating these areas benefit most from high-quality mentoring relationships."
LL.SD.3,Self-Advocacy,How Economic Disadvantage Affects the Availability and Nature of Mentoring Relationships During the Transition to Adulthood,https://doi.org/10.1002/ajcp.12228,"Raposa, E. B., Erickson, L. D., Hagler, M., & Rhodes, J. E. (2018). How economic disadvantage affects the availability and mature of mentoring relationships during the transition to adulthood. American Journal of Community Psychology, 61(1–2), 191–203. https://doi.org/10.1002/ajcp.12228","This study examines how economic constraints influence the accessibility and quality of natural mentoring relationships among adolescents, finding that adolescents from economically disadvantaged backgrounds have significantly less access to mentoring from nonparental, nonfamilial adults. They are more likely to receive mentoring from family and friends within their immediate social networks. The findings suggest that interventions should not only increase the quantity of mentoring available but also focus on enhancing the quality of mentoring relationships to include more nonfamilial mentors who can provide career and educational guidance."
LL.SM.1,Receiving Feedback,The Power of Feedback,https://doi.org/10.3102/003465430298487,"Hattie, J., & Timperley, H. (2007). The power of feedback. Review of Educational Research, 77(1), 81-112. https://doi.org/10.3102/003465430298487","This meta-analysis explores the impact of feedback on student learning, finding that effective feedback plays a crucial role in student learning by helping bridge the gap between what students know and what they are aiming to learn. Effective feedback can motivate students, clarify their understanding, and improve their learning outcomes by addressing specific aspects of their performance."
LL.SM.1,Receiving Feedback,Formative Assessment Techniques to Support Student Motivation and Achievement,https://doi.org/10.1080/00098650903267784,"Cauley, K. M., & McMillan, J. H. (2010). Formative assessment techniques to support student motivation and achievement. The Clearing House: A Journal of Educational Strategies, Issues and Ideas, 83(1), 1–6. https://doi.org/10.1080/00098650903267784",Formative assessment is the practice of using assessment to understand where students are in their learning in order to better support their learning. The application of formative assessment techniques leads to higher levels of student engagement and better achievement by engaging students with meaningful feedback that helps them improve their performance.
LL.SM.1,Receiving Feedback,The Impact of Peer Assessment on Academic Performance: A Meta-analysis of Control Group Studies,https://doi.org/10.1007/s10648-019-09510-3,"Double, K.S., McGrane, J.A., & Hopfenbeck, T.N. (2020). The impact of peer assessment on academic performance: A meta-analysis of control group studies. Educational Psychology Review 32, 481-509. https://doi.org/10.1007/s10648-019-09510-3","This meta-analysis examines 54 experimental and quasi-experimental studies that evaluated the effect of peer assessment on academic performance in primary, secondary, or tertiary students across subjects and domains. The analysis finds that peer assessment is more effective for encouraging learning than receiving no assessment or teacher-driven assessment, and has an impact similar to self-assessment."
LL.SM.1,Receiving Feedback,Formative assessment: Assessment Is for Self-Regulated Learning,https://doi.org/10.1007/s10648-011-9191-6,"Clark, I. (2012). Formative assessment: Assessment is for self-regulated learning. Educational Psychology Review, 24(2), 205–249. https://doi.org/10.1007/s10648-011-9191-6","Formative assessment supports the creation of a learning environment where feedback is perceived as a constructive part of the learning process rather than a judgment of student capability. This approach can diminish the anxiety that typically accompanies evaluations and encourages students to view feedback more positively and as a tool for improvement. The implementation of formative assessment is linked to the development of lifelong learning skills, as it prepares students to manage their own learning and adapt to various educational and professional challenges throughout their lives."
LL.SM.1,Receiving Feedback,Using Formative Assessment and Metacognition to Improve Student Achievement,,"Hudesman, J., Crosby, S., Flugman, B., Issac, S., Everson, H.T., & Clay, D.B. (2013). Using formative assessment and metacognition to improve student achievement. Journal of Developmental Education, 37(1).","This study examines the impact of a model designed to improve students' academic performance in mathematics by developing their metacognitive skills through formative assessment. The model includes teaching students how to use self-regulation strategies effectively during their learning process, with continuous feedback cycles broken down into planning, practice, and evaluation phases. Students engaging in courses based on this model have consistently achieved higher pass rates and shown benefits in subsequent college-level mathematics courses."
LL.SM.2,Pursuing Goals,What has fMRI Told Us About the Development of Cognitive Control Through Adolescence?,https://doi.org/10.1016/j.bandc.2009.08.005,"Luna, B., Padmanabhan, A., & O'Hearn, K. (2010). What has fMRI told us about the development of cognitive control through adolescence? Brain and Cognition, 72(1), 101-113. https://doi.org/10.1016/j.bandc.2009.08.005","This review examines neuroscience studies focusing on two fundamental aspects of cognitive control: response inhibition and working memory, which continue to develop throughout adolescence. These aspects of cognitive control are crucial foundations for the development of other crucial capacities, such as time management, action planning, and pursuing goals, all of which are vital for students to effectively manage resources, create actionable plans, and adapt strategies when faced with challenges."
LL.SM.2,Pursuing Goals,"Metacognition, Achievement Goals, Study Strategies and Academic Achievement: Pathways to Achievement",https://doi.org/10.1007/s11409-008-9022-4,"Vrugt, A., & Oort, F.J. (2008). Metacognition, achievement goals, study strategies and academic achievement: Pathways to achievement. Metacognition Learning, 3, 123–146. https://doi.org/10.1007/s11409-008-9022-4","This study outlines metacognitive regulation, which refers to the regulation of thinking and learning through planning, monitoring, and evaluating one's learning processes, as a key metacognitive strategy. Metacognitive strategies can positively influence students' achievement goals and their utilization of appropriate study strategies, which is crucial for students to create actionable plans and adapt their strategies when faced with challenges."
LL.SM.2,Pursuing Goals,The Relation Between Self-Regulated Learning and Academic Achievement Across Childhood and Adolescence: A Meta-Analysis,https://doi.org/10.1007/s10648-015-9320-8,"Dent, A. L., & Koenka, A. C. (2016). The relation between self-regulated learning and academic achievement across childhood and adolescence: A meta-analysis. Educational Psychology Review, 28(3), 425-474. https://doi.org/10.1007/s10648-015-9320-8","This meta-analysis finds that as adolescents grow, their cognitive capabilities mature, making them better able to employ and benefit from learning strategies including setting realistic academic goals, planning and executing tasks effectively, and monitoring their own understanding and progress. These skills help adolescents navigate more complex academic tasks and manage the greater autonomy and responsibility typical of high school education. The analysis underscores the critical role of self-regulated learning in enhancing academic achievement among high school students."
LL.SM.2,Pursuing Goals,College Knowledge: What it Really Takes for Students to Succeed and What We Can Do to Get Them Ready.,,"Conley, D. T. (2005). College knowledge: What it really takes for students to succeed and what we can do to get them ready (pp. 49–100). Jossey-Bass.","This book highlights that cognitive and metacognitive skills such as self-regulated learning, strategic learning, and reflective thinking are key to preparing high school students for college success. These skills enable students to monitor and manage their own learning processes effectively, and as such are crucial for pursuing and achieving post-secondary educational goals. The author suggests that students must be able to assess their understanding and skills critically, plan their learning strategies accordingly, and adjust their approaches based on outcomes."
LL.SM.2,Pursuing Goals,Goal Setting and Student Achievement: A Longitudinal Study,https://doi.org/10.1111/j.1540-4781.2011.01231.x,"Moeller, A.J., Theiler, J.M., & Wu, C. (2012). Goal setting and student achievement: A longitudinal study. The Modern Language Journal, 96, (153–169). https://doi.org/10.1111/j.1540-4781.2011.01231.x","This study examines how goal setting—the process of establishing clear, achievable objectives—influences student achievement over time, finding that structured goal setting is positively correlated with improved proficiency scores. Students who actively engage in setting and reflecting on personal learning goals show greater achievement over time. The findings emphasize the importance of self-regulation and learner autonomy in educational success, supporting the inclusion of goal-setting processes in curriculum design to enhance student motivation and achievement."
OT.Creat.1,Creative Process,The Development and Enhancement of Adolescent Creativity,https://doi.org/10.1017/9781108755726.010,"Hoffmann, J. D., & Hills, E. (2021). The development and enhancement of adolescent creativity. In S. W. Russ, J. D. Hoffmann, & J. C. Kaufman (Eds.), The Cambridge Handbook of Lifespan Development of Creativity (pp. 139–158). Cambridge University Press. https://doi.org/10.1017/9781108755726.010","This research emphasizes that creativity is a high-demand, non-automatable skill crucial for adult survival and societal improvement. It highlights adolescence as a critical period for creativity development, and schools as key contexts for nurturing it. Educators can foster adolescent creativity by promoting positive beliefs, focusing on the creative process, and encouraging practice."
OT.Creat.1,Creative Process,"Revisiting the Relationship Among Schooling, Learning, and Creativity",https://doi.org/10.1017/cbo9781139941969.005,"Beghetto, R. A., & Plucker, J. A. (2016). Revisiting the relationship among schooling, learning, and creativity. Creativity and Reason in Cognitive Development, 72–91. https://doi.org/10.1017/cbo9781139941969.005","This review argues that creativity is a vital mechanism for developing and demonstrating understanding, differentiating between memorization and meaningful knowing. It defines creativity as having both novelty and utility, which is particularly important for students. The authors recommend creating learning environments that de-emphasize rote memorization and time constraints, encouraging student agency, and fostering personally meaningful understanding of problems and solutions."
OT.Creat.1,Creative Process,Domain-Generality Versus Domain-Specificity of Creativity,https://doi.org/10.1007/978-1-4020-9877-2,"Sternberg, R. (2009). Domain-generality versus domain-specificity of creativity. In P. Meusburger, J. Funke, & E. Wunder (Eds.), Milieus of creativity: An interdisciplinary approach to spatiality of creativity (pp. 25-38). Springer. https://doi.org/10.1007/978-1-4020-9877-2 3","This source distinguishes between domain-general and domain-specific creativity, emphasizing that creativity often involves elements of both. It highlights the significant role environments play in fostering or suppressing creativity, and how broad interdisciplinary knowledge can enhance creative thinking. The author advocates for focusing on critical and creative thinking rather than just knowledge acquisition."
OT.Creat.1,Creative Process,Predictors of Change in Creative Thinking Abilities in Young People: A Longitudinal Study / Predictors of Creativity in Young People: Using Frequentist and Bayesian Approaches in Estimating the Importance of Individual and Contextual Factors,https://doi.org/10.1002/jocb.647,"Asquith, S. A., Wang, X., Quintana, D. S., & Abraham, A. (2024). Predictors of change in creative thinking abilities in young people: A longitudinal study. Journal of Creative Behavior, 58(2), 262-278. https://doi.org/10.1002/jocb.647","These two related studies investigate how personal traits and activities influence creative potential in young people aged 14–20, finding that openness, curiosity, and willingness to try new things predict future creative development. They also show that regular participation in creative hobbies improves creative fluency over time. The studies confirm that both individual traits and contextual factors impact creativity, which can be cultivated through opportunities for trying new things and practicing creative activities."
OT.Creat.1,Creative Process,Rethinking Creativity: Inside-the-Box Thinking as the Basis for Innovation (Chapter 1),https://doi.org/10.1017/9781108785259,"Weisberg, R. W. (2020). Rethinking creativity: Inside-the-box thinking as the basis for innovation. Cambridge University Press. https://doi.org/10.1017/9781108785259","This source argues that creativity is often an incremental process, built on existing ideas through 'in-the-box thinking' and logical refinement, rather than sudden leaps of inspiration. It emphasizes analogical thinking as a key component, where knowledge is transferred across domains to generate novel solutions. The research suggests that fostering creativity is most effective when integrated across curricula and supported by a school culture that values curiosity, questioning, cross-disciplinary creative thinking, and openness to new ideas."
OT.Creat.2,Sharing Ideas,"Creativity, Critical Thinking, Communication, and Collaboration: Assessment, Certification, and Promotion of 21st Century Skills for the Future of Work and Education",https://doi.org/10.3390/jintelligence11030054,"Thornhill-Miller, B., Camarda, A., Mercier, M., Burkhardt, J.-M., Morisseau, T., Bourgeois-Bougrine, S., Vinchon, F., El Hayek, S., Augereau-Landais, M., Mourey, F., Feybesse, C., Sundquist, D., & Lubart, T. (2023). Creativity, critical thinking, communication, and collaboration: Assessment, certification, and promotion of 21st century skills for the future of work and education. Journal of Intelligence, 11(3), 54. https://doi.org/10.3390/jintelligence11030054","This article identifies communication as a critical 21st-century skill, essential for employability, personal success, education, and civic participation. It emphasizes that communication involves linguistic, verbal, and social skills like empathy and understanding others' perspectives. The source highlights the interconnectedness of communication with other skills such as collaboration, critical thinking, and generating creative ideas, and suggests strategies like group discussions and project-based learning to enhance communication competency."
OT.Creat.2,Sharing Ideas,"We Feel, Therefore We Learn: The Relevance of Affective and Social Neuroscience to Education",https://doi.org/10.1111/j.1751-228X.2007.00004.x,"Immordino-Yang, M. H., & Damasio, A. (2007). We feel, therefore we learn: The relevance of affective and social neuroscience to education. Mind, Brain, and Education, 1(1), 3-10. https://doi.org/10.1111/j.1751-228X.2007.00004.x","This article explores the deep connection between emotion, social functioning, and cognitive activities like learning and decision-making, asserting that emotional states are foundational to cognitive operations in education. It highlights metacognition and emotional awareness as cornerstones of self-management, crucial for effective learning. The authors emphasize that emotions are fundamentally intertwined with cognition, influencing learning, attention, memory, and social functioning, and that social emotions like compassion play a critical role in both rational and creative thinking."
OT.Creat.2,Sharing Ideas,Longitudinal Research on Perspective Taking in Adolescence: A Systematic Review,https://doi.org/10.1007/s40894-021-00150-9,"Hall, H.K., Millear, P.M.R., Summers, M.J. & Isbel, B. (2021). Longitudinal research on perspective taking in adolescence: A systematic review. Adolescent Research Review, 6, 125-150. https://doi.org/10.1007/s40894-021-00150-9","This systematic review defines perspective-taking as the cognitive ability to understand others' viewpoints and emotions, a critical socio-cognitive skill that develops during adolescence and can be enhanced in school settings. It notes that perspective-taking abilities increase from ages 13 to 18 and are positively associated with self-esteem, reduced depressive symptoms, psychological well-being, prosocial behaviors, and moral reasoning, while being negatively associated with antisocial behaviors."
OT.Creat.2,Sharing Ideas,The Impact of Peer Assessment on Academic Performance: A Meta-Analysis of Control Group Studies / The Power of Feedback,,"Double, K.S., McGrane, J.A., & Hopfenbeck, T.N. (2020). The impact of peer assessment on academic performance: A meta-analysis of control group studies. Educational Psychology Review, 32, 481-509. https://doi.org/10.1007/s10648-019-09510-3 Hattie, J., & Timperley, H. (2007). The power of feedback. Review of Educational Research, 77(1), 81-112. https://doi.org/10.3102/003465430298487.","These sources explore the impact of peer assessment and feedback on academic performance. The meta-analysis by Double et al. investigates the effect of peer assessment on academic outcomes. Hattie & Timperley's work, ""The Power of Feedback,"" is a foundational review that emphasizes the crucial role of effective feedback in enhancing student learning and achievement."
OT.Crit.1,Interpreting Information,Strategies for Teaching Students to Think Critically: A Meta-Analysis,https://doi.org/10.3102/0034654314551063,"Abrami, P. C., Bernard, R. M., Borokhovski, E., Waddington, D. I., Wade, C. A., & Persson, T. (2015). Strategies for teaching students to think critically: A meta-analysis. Review of Educational Research, 85(2), 275-314. https://doi.org/10.3102/0034654314551063","This meta-analysis reviews empirical evidence on instructional approaches for teaching critical thinking skills, defining critical thinking as purposeful, self-regulatory judgment that includes skills such as analysis, evaluation, and inference. The authors identify interpretation (categorization, decoding significance, clarifying meaning) and analysis (examining ideas and identifying arguments) as core components of critical thinking. These skills are essential for interpreting information effectively, as they enable students to analyze, evaluate, and connect new information with existing knowledge, leading to smarter decisions and problem-solving."
OT.Crit.1,Interpreting Information,Teaching and Learning Argumentative Reading and Writing: A Review of Research,https://doi.org/10.1598/RRQ.46.3.4,"Newell, G.E., Beach, R., Smith, J., & VanDerHeide, J. (2011). Teaching and learning argumentative reading and writing: A review of research. Reading Research Quarterly, 46, 273-304. https://doi.org/10.1598/RRQ.46.3.4","The authors emphasize that identifying main claims and supporting arguments is crucial for engaging with complex texts, which requires analysis and synthesis—key aspects of interpreting information. Students must evaluate the relevance and strength of evidence, assess logical support for claims, and consider counterarguments for deep comprehension and critical engagement. The article highlights that organizing thoughts and evidence coherently, often with aids like outlines or templates, is vital for effective argumentation and critical reading, directly supporting the competency of interpreting information by structuring and clarifying understanding."
OT.Crit.1,Interpreting Information,"Using Messy, Authentic Data to Promote Data Literacy & Reveal the Nature of Science",https://doi.org/10.1525/abt.2020.82.7.439,"Schultheis, E. H., & Kjelvik, M. K. (2020). Using messy, authentic data to promote data literacy & reveal the nature of science. The American Biology Teacher, 82(7), 439–446. https://doi.org/10.1525/abt.2020.82.7.439","This article argues that engaging with 'messy data'—data with natural variations, outliers, and incomplete information—enhances data literacy and helps students understand the scientific process. It emphasizes that this experience improves students' ability to interpret authentic data, which is critical for making information useful through analysis and evaluation. By working with real-world, complex data, students learn to contextualize their learning and develop crucial skills for interpreting information effectively."
OT.Crit.1,Interpreting Information,Data Literacy: Real-World Learning Through Problem-Solving With Data Sets,http://www.jstor.org/stable/43694208,"Erwin, R. W. (2015). Data literacy: Real-world learning through problem-solving with data sets. American Secondary Education, 43(2), 18-26. http://www.jstor.org/stable/43694208","This article emphasizes that data literacy, fostered through project-based learning with authentic data sets, is crucial for preparing students for modern, data-driven environments. Engaging with these data sets enhances students' ability to apply mathematical and scientific concepts in real-world contexts, which directly supports the competency of interpreting information by enabling them to analyze, evaluate, and make sense of complex data. This process allows students to use information to address real-world problems and foster deeper learning."
OT.Crit.1,Interpreting Information,Recognizing and Addressing the Barriers to Adolescents' “Reading Like Historians”,http://www.jstor.org/stable/41303991,"Nokes, J. D. (2011). Recognizing and addressing the barriers to adolescents' “reading like historians."" The History Teacher, 44(3), 379-404. http://www.jstor.org/stable/41303991","This article explains that reading like a historian involves analyzing, interpreting, and synthesizing multiple sources to construct a cohesive historical understanding, not just basic textual comprehension. It addresses how students struggle with identifying arguments and themes in historical texts and managing diverse information, which are core challenges in interpreting information effectively. The article provides educational strategies, such as direct instruction and scaffolding, to improve students' ability to critically engage with and interpret various sources, enhancing their overall information literacy."
OT.Crit.2,Logical Thinking,Learning How to Manage Bias: A Case Study of Youth Participatory Action Research,https://doi.org/10.1080/10888691.2011.587720,"Kirshner, B., Pozzoboni, K., & Jones, H. (2011). Learning how to manage bias: A case study of youth participatory action research. Applied Developmental Science, 15(3), 140–155. https://doi.org/10.1080/10888691.2011.587720","This case study focuses on the cognitive challenge of balancing emotional investment with objectivity when handling data, crucial for developing logical thinking skills and managing biases. Participants learned to distinguish personal beliefs from external evidence and to navigate their biases, even when findings contradicted expectations, which directly supports the development of critical thinking. The study suggests that learning to manage biases in a research setting has broader implications for educational practices, enhancing the ability to analyze assumptions and use reason effectively."
OT.Crit.2,Logical Thinking,Creativity and Reason: Friends or Foes?,https://doi.org/10.1017/CBO9781139941969.015,"Guignard, J.-H., & Lubart, T. (2016). Creativity and reason: Friends or foes? In J. C. Kaufman & J. Baer (Eds.), Creativity and reason in cognitive development (2nd ed., pp. 282-301). Cambridge University Press. https://doi.org/10.1017/CBO9781139941969.015","This article examines the relationship between logical thinking and creativity, emphasizing how logical thinking supports the development of arguments, problem-solving, and the ability to analyze multiple possibilities. It highlights that mature reasoning integrates subjective and objective thinking to form deeper understanding and generate novel insights, allowing individuals to explore various solutions and engage in divergent thinking. The article advocates for educational approaches that integrate logical reasoning with creative thinking to foster robust cognitive development, aligning with the competency of logical thinking."
OT.Crit.2,Logical Thinking,Don't They Teach That in High School? Examining the High School to College Information Literacy Gap,https://doi.org/10.1016/j.lisr.2017.11.006,"Saunders, L., Severyn, J., & Caron, J. (2017). Don't they teach that in high school? Examining the high school to college information literacy gap. Library & Information Science Research, 39, 276-283. https://doi.org/10.1016/j.lisr.2017.11.006","This study investigates the gap in information literacy skills between high school and college students, which includes the ability to locate, evaluate, and effectively use information—all critical components of logical thinking. While information literacy is taught in high school, the study reveals a disconnect in students' retention and application of these skills in college, highlighting the need for strategic interventions. This emphasizes the importance of developing logical thinking early and consistently, as it underpins academic success and the effective use of information."
OT.Crit.2,Logical Thinking,The second decade: What develops (and how),,"Kuhn, D., & Franklin, S. (2006). The second decade: What develops (and how). In D. Kuhn, R. S. Siegler, W. Damon, & R. M. Lerner (Eds.), Handbook of child psychology: Cognition, perception, and language (6th ed., pp. 953–993). John Wiley & Sons, Inc.","This source explains that adolescence is a critical stage for developing and refining deductive and inductive reasoning, core components of logical thinking. Adolescents progress from concrete to abstract formal operations, enhancing their ability to interpret data, draw conclusions, and integrate theory with evidence. The authors emphasize the importance of supporting students in developing logical thinking through active engagement with problems and abstract reasoning, which builds confidence to meet challenges and make well-informed decisions."
OT.Crit.2,Logical Thinking,Cognitive and Affective Theory of Mind in Adolescence: Developmental Aspects and Associated Neuropsychological Variables,https://doi.org/10.1007/s00426-019-01263-6,"Gabriel, E. T., Oberger, R., Schmoeger, M., Deckert, M., Vockh, S., Auff, E., & Willinger, U. (2021). Cognitive and affective Theory of Mind in adolescence: developmental aspects and associated neuropsychological variables. Psychological Research, 85(2), 533-553. https://doi.org/10.1007/s00426-019-01263-6","This study explores the development of Theory of Mind (ToM) in adolescence, which involves understanding that others have unique thoughts and perspectives, including false beliefs and perspective-taking. This ability is crucial for logical thinking as it allows adolescents to analyze and compare different viewpoints to better understand their own biases. The maturation of ToM during adolescence supports the development of interpersonal and thinking skills, enabling young people to examine and analyze diverse perspectives, which is fundamental for making effective decisions and engaging in productive collaboration."
OT.Crit.3,Synthesis,The Synthesizing Mind: Making Sense of the Deluge of Information,https://doi.org/10.1515/9783110207019-004,"Gardner, H. (2007). The synthesizing mind: Making sense of the deluge of information. In M. Sánchez Sorondo, E. Malinvaud, & P. Léna (Eds.), Globalization and Education: Proceedings of the Joint Working Group, The Pontifical Academy of Sciences, The Pontifical Academy of Social Sciences, 19 – 17 November 2005, Casino Pio IV (pp. 3-18). De Gruyter.","The author defines synthesis as the capacity to absorb information from various sources, judge its importance and relevance, and integrate it into a comprehensive and comprehensible structure. Synthesizing involves critical thinking, selecting relevant data, and creatively combining insights to form a new, holistic understanding. The article highlights that synthesis is essential not only in academic contexts but also in professional and everyday life, helping individuals make informed decisions and develop innovative solutions."
OT.Crit.3,Synthesis,Factors Affecting Students' Information Literacy as They Transition from High School to College,,"Varlejs, J., Stec, E., & Kwon, H.E. (2014). Factors affecting students' information literacy as they transition from high school to college. School Library Research, 17.","This study investigates why students entering college often lack adequate information literacy skills, despite efforts to teach these skills in high school. The study highlights the need for better cooperation between high school librarians and teachers to improve students' information literacy and prepare them for the demands of college research."
OT.Crit.3,Synthesis,Teaching and Learning Information Synthesis: An Intervention and Rubric Based Assessment,,"Lundstrom, K., Diekema, A.R., Leary, H.M., Haderlie, S., & Holliday, W. (2015). Teaching and learning information synthesis: An intervention and rubric based assessment. Communications in Information Literacy, 9, 60-82.","The ability to synthesize information from multiple sources is essential for academic writing. To explore effective strategies for teaching information synthesis skills, the authors developed a lesson that broke the synthesis process into sequenced tasks involving group discussion and individual writing tasks and applied a rubric to evaluate the effectiveness of the instruction. The findings suggest that teaching synthesis effectively requires more than a single lesson and should be integrated throughout the curriculum to better prepare students for complex writing tasks."
OT.Crit.3,Synthesis,Relations Between Adolescents' Text Processing and Reasoning,https://doi.org/10.1207/s1532690xci2304_2,"Wolfe, M. B. W., & Goldman, S. R. (2005). Relations between adolescents' text processing and reasoning. Cognition and Instruction, 23(4), 467-502. https://doi.org/10.1207/s1532690xci2304_2","This study investigates how adolescents process and reason with text, particularly when they encounter multiple sources with conflicting accounts of an event. The ability to make coherent connections between different sources of information predicted deeper historical understanding and reasoning. The study suggests that students who are better able to integrate conflicting information from multiple texts into a coherent understanding demonstrate more sophisticated historical reasoning."
OT.Crit.3,Synthesis,Educational Neuroscience for Reading Researchers,,"Hruby, G. G., & Goswami, U. (2018). Educational neuroscience for reading researchers. In Theoretical models and processes of literacy, 252-277. Routledge.","While the neuroscience of reading is still in its infancy as an area of study, researchers are making strides in identifying neural correlates of the cognitive processes that constitute reading. The authors summarize some of the latest findings regarding reading comprehension skills, such as fMRI work that distinguishes the neural correlates of sentence- versus passage-level comprehension. They also note overlap in areas of the brain that are activated when synthesizing paragraphs into a holistic narrative structure and those that support self-awareness and self-monitoring."
OT.PS.1,Problem Seeking,Finding the Problem: How Students Approach Problem Identification,https://doi.org/10.1016/j.tsc.2020.100635,"Rubenstein, L. D., Callan, G. L., Speirs Neumeister, K., & Ridgley, L. M. (2020). Finding the problem: How students approach problem identification. Thinking Skills and Creativity, 35, 100635.","This study examines how students identify and articulate problems when tasked with open-ended questions in a classroom setting. The authors found that students employ a range of strategies to identify problems, which often depend on their academic background and personal experiences. The authors suggest that explicitly teaching problem-identification skills can significantly improve students' ability to engage with complex problems effectively."
OT.PS.1,Problem Seeking,The Role of Empathy in Problem Construction and Creative Problem Solving,https://doi.org/10.1016/j.lindif.2024.102501,"Kripal, S.J., & Reiter-Palmon, R. (2024). The role of empathy in problem construction and creative problem solving. Learning and Individual Differences, 114, 102501.","This study examines the relationship between empathy, defining problems, and solving problems. The findings showed a strong link between empathy and the quality and originality of how participants defined the problem. The authors suggest that empathy can improve problem solving by helping people think about others' views when figuring out unclear problems."
OT.PS.1,Problem Seeking,The KEEN Framework: A Guide for Entrepreneurial Mindset,https://engineeringunleashed.com/card/3362,"The KEEN framework. (n.d.). Engineering Unleashed. Retrieved June 3, 2025, from https://engineeringunleashed.com/card/3362","KEEN, a respected voice in the engineering education community, has built an innovative framework for engineering mindsets that places problem seeking and understanding on a level of importance equal to that of actual problem solving and design. Placing such emphasis on this phase of the engineering process, the organization has found, yields entrepreneurial mindsets for engineering students that help them ensure that their solutions are well-aligned to the problems they are trying to solve."
OT.PS.1,Problem Seeking,The Role of Problem Construction in Creative Production,https://doi.org/10.1002/jocb.202,"Reiter-Palmon, R. (2017). The Role of problem construction in creative production. The Journal of Creative Behavior, 51(4), 323-326. https://doi.org/10.1002/jocb.202","Problem construction is a crucial, initial step in the creative process, one that involves recognizing a gap or problem in a given scenario and creatively determining how to address it. The article explains that the empirical research on problem construction demonstrates clear connections to creativity. Additionally, problem construction often requires taking multiple perspectives into account to comprehensively define the problem."
OT.PS.2,Problem Solving,Education for the Age of AI,,"Fadel, C., Black, A., Taylor, R., Slesinski, J., Dunn, K., Heinonen, O.-P., & Fullan, M. (2024). Education for the age of Al. The Center for Curriculum Redesign.","AI's ability to process and generate extensive amounts of information should lead to a reevaluation of the knowledge that is taught in schools. As AI handles more routine tasks, the ability to solve complex, unstructured problems that require human ingenuity becomes more valuable. Collaborative problem-solving skills are of particular importance, as future challenges will often require collective efforts and the ability to work effectively in teams, sometimes in partnership with AI systems."
OT.PS.2,Problem Solving,The Neuroscience of Adolescent Decision-Making,https://doi.org/10.1016/J.COBEHA.2015.09.004,"Hartley, C. A., & Somerville, L. H. (2015). The neuroscience of adolescent decision-making. Current Opinion in Behavioral Sciences, 5, 108-115. https://doi.org/10.1016/J.COBEHA.2015.09.004","Adolescence is marked by significant neurodevelopmental changes that influence decision-making abilities, including the maturation of the prefrontal cortex, which is crucial for impulse control, working memory, and complex reasoning. These cognitive capacities are important foundations that support problem solving, as they facilitate effectively assessing options and planning actions, engaging in strategic planning, and observing the impacts of solutions and changes. The authors of this review discuss the value of experience-based learning in adolescence, where taking actions and observing their outcomes can help students develop effective decision-making skills."
OT.PS.2,Problem Solving,Strategies for Teaching Students to Think Critically: A Meta-Analysis,https://doi.org/10.3102/0034654314551063,"Abrami, P. C., Bernard, R. M., Borokhovski, E., Waddington, D. I., Wade, C. A., & Persson, T. (2015). Strategies for teaching students to think critically: A meta-analysis. Review of Educational Research, 85(2), 275-314. https://doi.org/10.3102/0034654314551063","The development of the prefrontal cortex, which is crucial for higher cognitive functions like planning and solving complex problems, continues into adolescence. The authors of this study find that specific instructional strategies that enhance critical thinking skills include dialogue and discussion, exposure to real-world problems, and mentoring and guidance that support students in navigating complex problem-solving processes such as managing constraints and strategic planning. The authors conclude that high schools should intentionally integrate learning experiences that foster critical thinking skills."
OT.PS.2,Problem Solving,Adolescents' Development of Skills for Agency in Youth Programs: Learning to Think Strategically,https://doi.org/10.1111/j.1467-8624.2010.01555.x,"Larson, R., & Angus, R. (2011). Adolescents' development of skills for agency in youth programs: Learning to think strategically. Child Development, 82(1), 277–294. https://doi.org/10.1111/j.1467-8624.2010.01555.x","Participation in arts and leadership-focused learning experiences can help adolescents develop strategic thinking skills, which are crucial for problem solving. The authors of this study demonstrate that learning experiences that span several weeks or months and immerse students in real-world contexts require adolescents to engage in planning, monitoring progress, adjusting plans, and evaluating outcomes—activities that inherently boost logical reasoning and strategic thinking."
OT.PS.2,Problem Solving,What Is Design Thinking and Why Is It Important?,https://doi.org/10.3102/0034654312457429,"Razzouk, R., & Shute, V. (2012). What is design thinking and why is it important? Review of Educational Research, 82(3), 330-348. https://doi.org/10.3102/0034654312457429","The authors describe design thinking as an iterative process that teams use to understand users, challenge assumptions, redefine problems, and create innovative solutions to prototype and test. It involves five phases—empathize, define, ideate, prototype, and test."
